"Standard Settlement Configuration ID","Effective From Settlement Date (SSC)","Effective To Settlement Date (SSC)","Standard Settlement Configuration Description","Standard Settlement Configuration Type","Teleswitch User ID","Teleswitch Group ID"
"0003","01/04/1996","","10-hour OP","I","",""
"0004","01/04/1996","","10-hour OP","I","",""
"0005","01/04/1996","","10-hour OP + w/e","I","",""
"0006","01/04/1996","","10.5-hour OP","I","",""
"0007","01/04/1996","","10.5-hour OP","I","",""
"0008","01/04/1996","","10.5-hour OP","I","",""
"0009","01/04/1996","","10.5-hour OP","I","3","86"
"0010","01/04/1996","","10.5-hour OP","I","3","70"
"0011","01/04/1996","","10.5-hour OP","I","3","87"
"0012","01/04/1996","","10.5-hour OP","I","3","91"
"0013","01/04/1996","","11 Hour OP","I","",""
"0015","01/04/1996","","11 Hour OP","I","",""
"0016","01/04/1996","","11.5-hour OP","I","",""
"0017","01/04/1996","","11.5-hour OP","I","",""
"0018","01/04/1996","","11.5-hour OP","I","",""
"0019","01/04/1996","","11.5-hour OP","I","",""
"0020","01/04/1996","","11.5-hour OP","I","",""
"0021","01/04/1996","","11.5-hour OP","I","",""
"0022","01/04/1996","","11.5-hour OP","I","",""
"0023","01/04/1996","","11-hour OP","I","",""
"0024","01/04/1996","","11-hour OP","I","",""
"0025","01/04/1996","","11-hour OP","I","",""
"0026","01/04/1996","","11-hour OP","I","",""
"0028","01/04/1996","","11-hour OP","I","",""
"0029","01/04/1996","","11-hour OP","I","",""
"0030","01/04/1996","","11-hour OP","I","",""
"0031","01/04/1996","","11-hour OP","I","",""
"0032","01/04/1996","","11-hour OP","I","",""
"0033","01/04/1996","","11-hour OP","I","",""
"0034","01/04/1996","","11-hour OP","I","",""
"0035","01/04/1996","","11-hour OP","I","",""
"0036","01/04/1996","","11-hour OP","I","",""
"0037","01/04/1996","","11-hour OP","I","",""
"0038","01/04/1996","","11-hour OP","I","",""
"0039","01/04/1996","","11-hour OP","I","",""
"0040","01/04/1996","","11.5-hour OP","I","",""
"0041","01/04/1996","","8.5-hour OP","I","",""
"0042","01/04/1996","","9-hour OP","I","",""
"0043","01/04/1996","","9-hour OP","I","",""
"0044","01/04/1996","","8.5-hour OP","I","",""
"0045","01/04/1996","","11-hour OP + Summer","I","",""
"0046","01/04/1996","","11-hour OP + w/e","I","",""
"0047","01/04/1996","","11-hour OP + w/e & Summer","I","",""
"0048","01/04/1996","","11-hour OP + weekends","I","",""
"0049","01/04/1996","","11.5-hour OP","I","",""
"0050","01/04/1996","","12-hour  OP + w/e & Summer","I","",""
"0051","01/04/1996","","12-hour night","I","",""
"0052","01/04/1996","","12-hour OP","I","",""
"0053","01/04/1996","","12-hour OP","I","",""
"0055","01/04/1996","","12-hour OP","I","",""
"0056","01/04/1996","","12-hour OP","I","",""
"0057","01/04/1996","","12-hour OP","I","",""
"0058","01/04/1996","","Key Meter pseudo 2-rate","I","",""
"0059","01/04/1996","","12-hour OP","I","",""
"0060","01/04/1996","","12-hour OP","I","",""
"0062","01/04/1996","","8-hour OP (see also SSC 427)","I","4","9"
"0063","01/04/1996","","9-hour OP","I","",""
"0064","01/04/1996","","12-hour OP","I","3","80"
"0065","01/04/1996","","12-hour OP + Summer","I","",""
"0066","01/04/1996","","12-hour OP + Summer","I","3","81"
"0067","01/04/1996","","12.5-hour OP","I","",""
"0071","01/04/1996","","12.5-hour OP","I","",""
"0072","01/04/1996","","12.5-hour OP","I","",""
"0073","01/04/1996","","12.5-hour OP","I","",""
"0074","01/04/1996","","12.5-hour OP + Summer","I","",""
"0075","01/04/1996","","12.5-hour OP + w/e","I","",""
"0076","01/04/1996","","12.5-hour OP + w/e","I","",""
"0077","01/04/1996","","12.5-hour OP + w/e","I","",""
"0078","01/04/1996","","12.5-hour OP + w/e & Summer","I","",""
"0079","01/04/1996","","14-hour E7","I","",""
"0080","01/04/1996","","14-hour Off Peak","I","",""
"0081","01/04/1996","","14-hour OP + Sun","I","",""
"0082","01/04/1996","","14.5-hour OP","I","",""
"0083","01/04/1996","","14.5-hour OP","I","",""
"0084","01/04/1996","","14.5-hour OP","I","",""
"0085","01/04/1996","","14.5-hour OP","I","",""
"0086","01/04/1996","","14.5-hour OP","I","3","82"
"0087","01/04/1996","","14.5-hour OP","I","3","84"
"0088","01/04/1996","","14.5-hour OP","I","3","88"
"0091","01/04/1996","","14.5-hour OP + Summer","I","",""
"0092","01/04/1996","","14.5-hour OP + Summer","I","",""
"0093","01/04/1996","","split 7-hour E7","I","",""
"0094","01/04/1996","","14.5-hour OP + Summer","I","3","83"
"0095","01/04/1996","","14.5-hour OP + Summer","I","3","85"
"0096","01/04/1996","","14.5-hour OP + Summer","I","3","89"
"0097","01/04/1996","","14.5-hour OP + w/e","I","",""
"0098","01/04/1996","","14.5-hour OP + w/e & Summer","I","",""
"0099","01/04/1996","","15-hour OP","I","",""
"0100","01/04/1996","","15-hour OP","I","",""
"0101","01/04/1996","","15-hour OP + w/e & Summer","I","",""
"0102","01/04/1996","","15-hour OP + w/e & Summer","I","",""
"0103","01/04/1996","","15-hour OP + w/e & Summer","I","",""
"0104","01/04/1996","","15.5-hour OP","I","",""
"0105","01/04/1996","","15.5-hour OP","I","",""
"0106","01/04/1996","","15.5-hour OP","I","",""
"0107","01/04/1996","","15.5-hour OP","I","",""
"0108","01/04/1996","","15.5-hour OP","I","",""
"0109","01/04/1996","","15.5-hour OP","I","",""
"0110","01/04/1996","","15.5-hour OP","I","10","50"
"0111","01/04/1996","","15.5-hour OP + Summer","I","",""
"0112","01/04/1996","","15.5-hour OP + w/e","I","",""
"0113","01/04/1996","","15.5-hour OP + w/e","I","",""
"0115","01/04/1996","","15.5-hour OP + w/e","I","",""
"0116","01/04/1996","","15.5-hour OP + w/e","I","",""
"0117","01/04/1996","","15.5-hour OP + w/e","I","10","55"
"0118","01/04/1996","","15.5-hour OP + w/e & Summer","I","",""
"0119","01/04/1996","","15.5-hour OP + w/e & Summer","I","10","56"
"0120","01/04/1996","","9-hour OP","I","",""
"0121","01/04/1996","","2-rate terms","I","",""
"0122","01/04/1996","","2-rate SToD","I","",""
"0123","01/04/1996","","2-rate variable SToD","I","9","8"
"0124","01/04/1996","","2-rate variable SToD","I","9","32"
"0125","01/04/1996","","2-rate variable SToD","I","9","16"
"0126","01/04/1996","","7-hour E7","I","5","99"
"0127","01/04/1996","","3-rate SToD","I","",""
"0128","01/04/1996","","Dom/Non-dom Seasonal (link SSC 0342)","I","4","52"
"0129","01/04/1996","","3-rate SToD","I","",""
"0130","01/04/1996","","3-rate variable","I","9","10"
"0131","01/04/1996","","3-rate variable","I","9","15"
"0132","01/04/1996","","4-rate SToD","I","",""
"0133","01/04/1996","","4-rate SToD","I","",""
"0134","01/04/1996","","4-rate SToD","I","",""
"0135","01/04/1996","","4-rate SToD","I","",""
"0136","01/04/1996","","4-rate SToD","I","",""
"0137","01/04/1996","","4-rate SToD","I","",""
"0138","01/04/1996","","4-rate SToD","I","",""
"0140","01/04/1996","","split 7-hour E7","I","12","23"
"0141","01/04/1996","","5-rate SToD","I","",""
"0142","01/04/1996","","5-rate SToD","I","",""
"0143","01/04/1996","","15-hour OP","I","",""
"0144","01/04/1996","","6-rate SToD","I","",""
"0145","01/04/1996","","6-rate SToD","I","",""
"0146","01/04/1996","","6-rate SToD","I","",""
"0147","01/04/1996","","6-rate SToD","I","",""
"0148","01/04/1996","","7-hour OP (see also SSC 0185)","I","4","98"
"0149","01/04/1996","","Smart 7, heating","I","12","92"
"0150","01/04/1996","","7-hour E7","I","",""
"0151","01/04/1996","","7-hour E7","I","",""
"0152","01/04/1996","","7-hour E7","I","",""
"0153","01/04/1996","","7-hour E7","I","",""
"0154","01/04/1996","","7-hour E7","I","",""
"0155","01/04/1996","","split 7-hour E7","I","",""
"0156","01/04/1996","","7-hour E7","I","1","1"
"0157","01/04/1996","","7-hour E7","I","1","2"
"0158","01/04/1996","","7-hour E7","I","1","7"
"0159","01/04/1996","","12-hour OP","I","",""
"0160","01/04/1996","","7-hour E7","I","2","7"
"0161","01/04/1996","","7-hour E7","I","2","17"
"0162","01/04/1996","","7-hour E7","I","2","27"
"0163","01/04/1996","","7-hour E7","I","2","37"
"0164","01/04/1996","","7-hour E7","I","2","47"
"0165","01/04/1996","","7-hour E7","I","2","48"
"0166","01/04/1996","","7-hour E7","I","2","67"
"0167","01/04/1996","","7-hour E7","I","3","6"
"0168","01/04/1996","","7-hour E7","I","3","7"
"0169","01/04/1996","","7-hour E7","I","3","8"
"0170","01/04/1996","","7-hour E7","I","3","9"
"0171","01/04/1996","","7-hour E7","I","3","10"
"0172","01/04/1996","","7-hour E7","I","3","11"
"0173","01/04/1996","","7-hour E7","I","3","12"
"0174","01/04/1996","","7-hour E7","I","3","17"
"0175","01/04/1996","","7-hour E7","I","3","20"
"0176","01/04/1996","","7-hour E7","I","4","53"
"0177","01/04/1996","","7-hour E7","I","4","54"
"0178","01/04/1996","","7-hour E7 (Cornwall & def reinforcement)","I","4","55"
"0179","01/04/1996","","7-hour E7","I","4","71"
"0180","01/04/1996","","7-hour E7","I","4","72"
"0181","01/04/1996","","7-hour E7","I","4","73"
"0182","01/04/1996","","7-hour E7","I","4","74"
"0183","01/04/1996","","7-hour E7","I","4","75"
"0184","01/04/1996","","7-hour E7","I","4","76"
"0185","01/04/1996","","7-hour E7","I","4","98"
"0186","01/04/1996","","7-hour E7","I","4","99"
"0187","01/04/1996","","7-hour E7","I","9","127"
"0188","01/04/1996","","7-hour E7","I","5","98"
"0189","01/04/1996","","7-hour E7","I","6","70"
"0190","01/04/1996","","7-hour E7","I","6","80"
"0191","01/04/1996","","7-hour E7","I","6","85"
"0192","01/04/1996","","7-hour E7","I","6","86"
"0193","01/04/1996","","7-hour E7","I","6","87"
"0194","01/04/1996","","7-hour E7","I","6","88"
"0195","01/04/1996","","7-hour E7","I","6","89"
"0196","01/04/1996","","7-hour E7","I","6","90"
"0197","01/04/1996","","7-hour E7","I","6","91"
"0198","01/04/1996","","7-hour E7","I","6","92"
"0199","01/04/1996","","7-hour E7","I","6","93"
"0201","01/04/1996","","7-hour E7","I","7","85"
"0202","01/04/1996","","7-hour E7","I","7","86"
"0203","01/04/1996","","7-hour E7","I","7","87"
"0204","01/04/1996","","7-hour E7","I","7","88"
"0205","01/04/1996","","7-hour E7","I","7","89"
"0206","01/04/1996","","7-hour E7","I","7","90"
"0207","01/04/1996","","7-hour E7","I","7","91"
"0208","01/04/1996","","7-hour E7","I","7","92"
"0209","01/04/1996","","7-hour E7","I","8","2"
"0210","01/04/1996","","7-hour E7","I","8","31"
"0211","01/04/1996","","7-hour E7","I","8","63"
"0212","01/04/1996","","7-hour E7","I","8","64"
"0213","01/04/1996","","7-hour E7","I","8","127"
"0214","01/04/1996","","7-hour E7","I","10","0"
"0215","01/04/1996","","7-hour E7","I","10","1"
"0216","01/04/1996","","7-hour E7","I","10","2"
"0217","01/04/1996","","7-hour E7","I","10","3"
"0218","01/04/1996","","7-hour E7","I","10","4"
"0219","01/04/1996","","7-hour E7","I","10","5"
"0220","01/04/1996","","7-hour E7","I","10","6"
"0221","01/04/1996","","7-hour E7","I","10","7"
"0222","01/04/1996","","7-hour E7","I","10","8"
"0223","01/04/1996","","7-hour E7","I","10","9"
"0224","01/04/1996","","7-hour E7","I","11","21"
"0225","01/04/1996","","7-hour E7","I","11","22"
"0226","01/04/1996","","7-hour E7","I","11","23"
"0227","01/04/1996","","7-hour E7","I","11","24"
"0228","01/04/1996","","Supertariff heating","I","11","35"
"0229","01/04/1996","","Supertariff heating","I","11","36"
"0230","01/04/1996","","7-hour E7","I","11","37"
"0231","01/04/1996","","split 7-hour E7","I","12","3"
"0233","01/04/1996","","split 7-hour E7","I","12","22"
"0234","01/04/1996","","split 7-hour E7","I","12","33"
"0235","01/04/1996","","split 7-hour E7","I","12","34"
"0236","01/04/1996","","split 7-hour E7","I","12","35"
"0237","01/04/1996","","split 7-hour E7","I","12","36"
"0238","01/04/1996","","7-hour E7","I","12","37"
"0241","01/04/1996","","7-hour E7 (differential switching)","I","2","57"
"0242","01/04/1996","","7-hour night","I","",""
"0243","01/04/1996","","Key Meter pseudo 2-rate","I","",""
"0244","01/04/1996","","7-hour E7","I","",""
"0245","01/04/1996","","7-hour night","I","1","9"
"0246","01/04/1996","","Economy 7 Day & Night","I","",""
"0247","01/04/1996","","7-hour night","I","8","3"
"0248","01/04/1996","","7-hour E7","I","5","88"
"0249","01/04/1996","","7-hour night","I","10","60"
"0250","01/04/1996","","7-hour OP","I","",""
"0251","01/04/1996","","7-hour OP","I","",""
"0252","01/04/1996","","7-hour OP","I","",""
"0253","01/04/1996","","7-hour OP","I","8","4"
"0254","01/04/1996","","7-hour variable E7 (Menter B)","I","9","31"
"0255","01/04/1996","","7-hour variable E7 (Menter A)","I","9","63"
"0257","01/04/1996","","8-hour E7","I","",""
"0258","01/04/1996","","8-hour night","I","",""
"0259","01/04/1996","","10-hour night","I","",""
"0260","01/04/1996","","8-hour night","I","",""
"0261","01/04/1996","","8-hour night","I","",""
"0262","01/04/1996","","8-hour night","I","",""
"0263","01/04/1996","","8-hour night","I","1","8"
"0264","01/04/1996","","8-hour night","I","3","16"
"0265","01/04/1996","","8-hour OP","I","",""
"0266","01/04/1996","","8-hour OP","I","",""
"0267","01/04/1996","","8-hour OP","I","",""
"0268","01/04/1996","","8-hour OP","I","",""
"0269","01/04/1996","","8-hour OP","I","",""
"0270","01/04/1996","","8-hour OP","I","",""
"0271","01/04/1996","","8-hour OP","I","3","37"
"0272","01/04/1996","","8-hour OP","I","3","38"
"0273","01/04/1996","","8-hour OP","I","3","39"
"0274","01/04/1996","","8-hour OP","I","3","90"
"0276","01/04/1996","","8-hour OP","I","10","45"
"0277","01/04/1996","","8-hour OP + Summer","I","",""
"0278","01/04/1996","","8-hour OP + w/e","I","",""
"0279","01/04/1996","","8-hour OP + w/e & Summer","I","",""
"0280","01/04/1996","","8-hour OP + weekends","I","",""
"0281","01/04/1996","","9-hour night","I","",""
"0283","01/04/1996","","9-hour night (differential switching)","I","2","9"
"0284","01/04/1996","","9-hour OP","I","",""
"0285","01/04/1996","","9-hour OP","I","",""
"0286","01/04/1996","","9-hour OP + w/e","I","",""
"0287","01/04/1996","","Boiler","I","11","38"
"0288","01/04/1996","","Budget Warmth","I","2","40"
"0289","01/04/1996","","Budget Warmth","I","2","52"
"0290","01/04/1996","","Budget Warmth","I","2","70"
"0291","01/04/1996","","Budget Warmth","I","2","100"
"0292","01/04/1996","","Budget Warmth","I","2","120"
"0297","01/04/1996","","Budget Warmth","I","11","61"
"0298","01/04/1996","","Budget Warmth","I","11","62"
"0299","01/04/1996","","Budget Warmth","I","3","1"
"0300","01/04/1996","","Flexiheat Day/Evening/Weekend","I","3","29"
"0301","01/04/1996","","Flexiheat (weather) Day/Evening/Weekend","I","3","50"
"0302","01/04/1996","","Superdeal Day/Night","I","3","52"
"0303","01/04/1996","","Budget Warmth","I","3","2"
"0304","01/04/1996","","Budget Warmth","I","3","30"
"0305","01/04/1996","","Domestic heating tariff","I","3","31"
"0306","01/04/1996","","Domestic heating tariff","I","3","32"
"0307","01/04/1996","","Domestic heating tariff","I","3","40"
"0308","01/04/1996","","Domestic heating tariff","I","3","41"
"0309","01/04/1996","","Superdeal (weather) Day/Night","I","3","51"
"0310","01/04/1996","","E10 type 1 (general purpose)","I","5","10"
"0312","01/04/1996","","7-hour OP (see also SSC 186)","I","4","99"
"0313","01/04/1996","","Domestic E9 A","I","1","6"
"0314","01/04/1996","","13-hour OP","I","",""
"0315","01/04/1996","","Evening/night","I","",""
"0316","01/04/1996","","Evening/Weekend","I","",""
"0317","01/04/1996","","Evening/Weekend","I","",""
"0318","01/04/1996","","Evening/Weekend","I","",""
"0319","01/04/1996","","12-hour Evening/Weekend","I","",""
"0320","01/04/1996","","Evening/Weekend","I","",""
"0321","01/04/1996","","Evening/Weekend","I","1","4"
"0322","01/04/1996","","Evening/Weekend","I","3","18"
"0323","01/04/1996","","Evening/Weekend","I","8","1"
"0324","01/04/1996","","Domestic E9 B","I","1","6"
"0325","01/04/1996","","Evening/Weekend E7","I","",""
"0326","01/04/1996","","Evening/Weekend E7","I","",""
"0327","01/04/1996","","Evening/Weekend E7","I","",""
"0328","01/04/1996","","Evening/Weekend E7","I","2","30"
"0329","01/04/1996","","Evening/Weekend E7","I","2","33"
"0330","01/04/1996","","Evening/Weekend E7","I","3","19"
"0331","01/04/1996","","Evening/Weekend E7","I","5","33"
"0332","01/04/1996","","Evening/Weekend E7","I","6","75"
"0334","01/04/1996","","3-rate heating, (link SSC 0343)","I","4","57"
"0335","01/04/1996","","Grain Drying","I","",""
"0336","01/04/1996","","Grain drying","I","",""
"0337","01/04/1996","","Grain drying","I","",""
"0338","01/04/1996","","Heating","I","11","40"
"0339","01/04/1996","","Local Authority Heating","I","2","32"
"0340","01/04/1996","","Local Authority Heating","I","2","34"
"0341","01/04/1996","","Local Authority Heating","I","2","36"
"0342","01/04/1996","","Dom & Non-dom Seasonal (link SSC 0128)","I","4","52"
"0343","01/04/1996","","3-rate heating, water heating","I","4","57"
"0344","01/04/1996","","7-hour E7, Day + Night (link SSC 0345)","I","4","59"
"0345","01/04/1996","","7-hour E7, Day + Night (link SSC 0344)","I","4","59"
"0346","01/04/1996","","Non-Standard OP (8+3 hour)","I","4","56"
"0347","01/04/1996","","Non-Standard OP","I","",""
"0348","01/04/1996","","Non-Standard OP","I","",""
"0349","01/04/1996","","7-hour E7","I","",""
"0350","01/04/1996","","Warmwise heating","I","2","60"
"0351","01/04/1996","","Flexiheat heating","I","3","29"
"0352","01/04/1996","","Flexiheat (weather) heating","I","3","50"
"0353","01/04/1996","","Superdeal heating","I","3","52"
"0354","01/04/1996","","12-hour OP","I","",""
"0355","01/04/1996","","Smart 7, Day/Night","I","12","92"
"0357","01/04/1996","","split 10-hour Heatwise","I","6","39"
"0358","01/04/1996","","split 10-hour Heatwise","I","6","40"
"0359","01/04/1996","","split 10-hour Heatwise","I","6","41"
"0360","01/04/1996","","split 10-hour Heatwise","I","6","42"
"0361","01/04/1996","","split 10-hour Heatwise","I","6","43"
"0362","01/04/1996","","split 10-hour Heatwise","I","6","44"
"0363","01/04/1996","","split 10-hour Heatwise","I","6","45"
"0364","01/04/1996","","split 10-hour Heatwise","I","6","46"
"0365","01/04/1996","","split 10-hour Heatwise","I","6","47"
"0366","01/04/1996","","split 10-hour Heatwise","I","6","48"
"0367","01/04/1996","","split 10-hour Heatwise","I","6","49"
"0368","01/04/1996","","split 10-hour Heatwise","I","6","50"
"0369","01/04/1996","","split 10-hour Heatwise","I","6","51"
"0370","01/04/1996","","split 10-hour Heatwise","I","6","52"
"0371","01/04/1996","","split 10-hour Heatwise","I","6","53"
"0372","01/04/1996","","Evening/Weekend","I","5","91"
"0373","01/04/1996","","split 7-hour E7","I","",""
"0374","01/04/1996","","split 7-hour E7","I","",""
"0375","01/04/1996","","split 7-hour E7","I","",""
"0376","01/04/1996","","split 7-hour E7","I","",""
"0377","01/04/1996","","split 7-hour E7","I","",""
"0378","01/04/1996","","split 7-hour E7","I","",""
"0380","01/04/1996","","split 7-hour E7","I","",""
"0381","01/04/1996","","split 7-hour E7","I","5","64"
"0382","01/04/1996","","split 7-hour E7","I","5","66"
"0384","01/04/1996","","7-hour E7","I","5","95"
"0385","01/04/1996","","split 7-hour E7","I","6","101"
"0386","01/04/1996","","9-hour OP","I","5","94"
"0387","01/04/1996","","15.5-hour OP","I","5","93"
"0388","01/04/1996","","split 7-hour E7","I","6","106"
"0389","01/04/1996","","12.5-hour OP","I","5","92"
"0390","01/04/1996","","split 7-hour E7","I","8","8"
"0391","01/04/1996","","Summer & Winter w/e","I","",""
"0392","01/04/1996","","Summer Unrestricted","I","",""
"0393","01/04/1996","","Unrestricted","I","",""
"0394","01/04/1996","","10-hour night","I","5","89"
"0395","01/04/1996","","Warmwise Day/Night","I","2","60"
"0396","01/04/1996","","2-rate SToD","I","9","64"
"0397","01/04/1996","","9-hour heating","I","10","30"
"0398","01/04/1996","","12-hour OP + w/e","I","",""
"0399","01/04/1996","","15-hour OP + w/e","I","",""
"0400","01/04/1996","","8-hour night","I","",""
"0401","01/04/1996","","E10 type 1(heating circuit)","I","5","10"
"0403","01/04/1996","","12-hour night","I","5","90"
"0404","01/04/1996","","Redring Boiler (general purpose)","I","5","18"
"0405","01/04/1996","","Redring Boiler (heating circuit)","I","5","18"
"0406","01/04/1996","","Cyclocontrol 3","I","",""
"0407","01/04/1996","","Cyclocontrol 4","I","",""
"0408","01/04/1996","","Cyclocontrol 5","I","",""
"0409","01/04/1996","","Cyclocontrol 6","I","",""
"0410","01/04/1996","","Cyclocontrol 7","I","",""
"0411","01/04/1996","","Cyclocontrol 8","I","",""
"0412","01/04/1996","","Cyclocontrol 9","I","",""
"0413","01/04/1996","","Cyclocontrol 10","I","",""
"0414","01/04/1996","","Cyclocontrol 11","I","",""
"0415","01/04/1996","","Cyclocontrol 12","I","",""
"0416","01/04/1996","","Cyclocontrol 13","I","",""
"0417","01/04/1996","","Cyclocontrol 14","I","",""
"0418","01/04/1996","","Cyclocontrol 15","I","",""
"0419","01/04/1996","","Cyclocontrol 16","I","",""
"0420","01/04/1996","","Cyclocontrol 17","I","",""
"0421","01/04/1996","","Cyclocontrol 18","I","",""
"0422","01/04/1996","","Cyclocontrol 19","I","",""
"0423","01/04/1996","","Cyclocontrol 20","I","",""
"0424","01/04/1996","","Cyclocontrol 21","I","",""
"0425","01/04/1996","","Superdeal (weather) heating","I","3","51"
"0426","01/04/1996","","7-hour E7","I","5","97"
"0427","01/04/1996","","Day/Night (White meter)","I","4","9"
"0428","01/04/1996","","Unmetered Type A ("flat" profile)","I","",""
"0429","01/04/1996","","Unmetered B ("dusk-to-dawn")","I","",""
"0430","01/04/1996","","Unmetered C ("half-night & pre-dawn")","I","",""
"0431","01/04/1996","","Unmetered D ("dawn-to-dusk")","I","",""
"0432","01/04/1996","","7-hour E7","I","4","77"
"0434","01/04/1996","","12 Hour OP","I","",""
"0435","01/04/1996","","Domestic 3-rate heating","I","",""
"0436","01/04/1996","","3-Rate Seasonal","I","",""
"0437","01/04/1996","","Lifestyle Tariff","I","5","24"
"0439","01/04/1996","","Split 7-hour E7","I","",""
"0440","01/04/1996","","3-rate ToW","I","",""
"0441","01/04/1996","","4-rate SToD","I","",""
"0442","01/04/1996","","7-hour E7","I","",""
"0443","01/04/1996","","Evening/Weekend","I","",""
"0444","01/04/1996","","Evening/Weekend E7","I","",""
"0445","01/04/1996","","7-hour variable E7","I","9","6"
"0446","01/04/1996","","7-hour variable E7","I","9","7"
"0447","01/04/1996","","7-hour OP","I","",""
"0448","01/04/1996","","7-hour OP","I","4","53"
"0449","01/04/1996","","7-hour OP","I","4","54"
"0450","01/04/1996","","7-hour OP","I","4","55"
"0451","01/04/1996","","7-hour OP","I","4","71"
"0452","01/04/1996","","7-hour OP","I","4","72"
"0453","01/04/1996","","7-hour OP","I","4","73"
"0454","01/04/1996","","7-hour OP","I","4","74"
"0455","01/04/1996","","7-hour OP","I","4","75"
"0456","01/04/1996","","7-hour OP","I","4","76"
"0459","01/04/1996","","7-hour OP","I","4","77"
"0460","01/04/1996","","12 Hours OP","I","",""
"0461","01/04/1996","","12 Hours OP","I","",""
"0462","01/04/1996","","8 Hours OP","I","",""
"0463","01/04/1996","","10.5 Hours OP","I","",""
"0464","01/04/1996","","Weekender Tariff (V1)","I","",""
"0465","01/04/1996","","Weekender Tariff (V2)","I","5","12"
"0466","01/04/1996","","Maximum Demand Register","I","",""
"0467","01/04/1996","","Maximum Demand Register","I","",""
"0468","01/04/1996","","Maximum Demand Register","I","",""
"0469","01/04/1996","","Maximum Demand Register","I","",""
"0470","01/04/1996","","Maximum Demand Register","I","",""
"0473","29/01/1999","","Economy 7 - all purpose tariff G63","I","12","58"
"0474","29/01/1999","","split 7hr o/p","I","12","3"
"0475","29/01/1999","","Split 7hr E7","I","12","42"
"0476","29/01/1999","","14.5 hr o/p","I","12","1"
"0477","29/01/1999","","14.5 hr o/p","I","12","2"
"0478","29/01/1999","","Evening/Weekend E7","I","12","61"
"0479","21/06/2002","","Split 7-hour E7","I","8","16"
"0480","21/06/2002","","Split 7-hour E7","I","8","32"
"0481","21/06/2002","","Split 7-hour E7","I","8","50"
"0482","28/09/2003","","Micro-PV Export Import Profile Class 1","E","",""
"0483","28/09/2003","","Micro-PV Export Import Profile Class 2","E","",""
"0484","28/09/2003","","Micro-PV Export Import Profile Class 3","E","",""
"0485","28/09/2003","","Micro-PV Export Import Profile Class 4","E","",""
"0486","28/09/2003","","Micro-PV Export Import Profile Class 5","E","",""
"0487","28/09/2003","","Micro-PV Export Import Profile Class 6","E","",""
"0488","28/09/2003","","Micro-PV Export Import Profile Class 7","E","",""
"0489","28/09/2003","","Micro-PV Export Import Profile Class 8","E","",""
"0490","28/09/2003","","Micro-CHP Export Import Profile Class 1","E","",""
"0491","28/09/2003","","Micro-CHP Export Import Profile Class 2","E","",""
"0492","28/09/2003","","Micro-CHP Export Import Profile Class 3","E","",""
"0493","28/09/2003","","Micro-CHP Export Import Profile Class 4","E","",""
"0494","28/09/2003","","Micro-CHP Export Import Profile Class 5","E","",""
"0495","28/09/2003","","Micro-CHP Export Import Profile Class 6","E","",""
"0496","28/09/2003","","Micro-CHP Export Import Profile Class 7","E","",""
"0497","28/09/2003","","Micro-CHP Export Import Profile Class 8","E","",""
"0498","28/09/2003","","Other Sml Export SSC any import Profile","E","",""
"0701","01/04/1996","","8.5-hour OP + w/e","I","",""
"0702","01/04/1996","","8.5-hour OP + w/e","I","",""
"0703","01/04/1996","","12-hour OP + w/e","I","",""
"0704","01/04/1996","","12-hour OP + w/e","I","",""
"0705","01/04/1996","","12-hour OP + w/e","I","",""
"0706","01/04/1996","","12-hour OP + w/e","I","",""
"0707","01/04/1996","","12-hour OP + w/e","I","",""
"0708","01/04/1996","","12-hour OP + w/e","I","",""
"0709","01/04/1996","","12-hour OP + w/e","I","",""
"0710","01/04/1996","","12-hour OP + w/e","I","",""
"0711","01/04/1996","","12-hour OP + w/e","I","",""
"0712","01/04/1996","","16-hour OP + w/e","I","",""
"0713","01/04/1996","","16-hour OP + w/e","I","",""
"0714","01/04/1996","","16-hour OP + w/e","I","",""
"0715","01/04/1996","","16-hour OP + w/e","I","",""
"0716","01/04/1996","","20-hour OP + w/e","I","",""
"0717","01/04/1996","","20-hour OP + w/e","I","",""
"0718","01/04/1996","","20-hour OP + w/e + summer","I","",""
"0719","01/04/1996","","20-hour OP + w/e + summer","I","",""
"0720","01/04/1996","","3-rate SToD","I","",""
"0721","01/04/1996","","8.5 hour WM","I","",""
"0722","01/04/1996","","8.5 hour WM","I","13","123"
"0723","01/04/1996","","8.5 hour WM","I","13","124"
"0724","01/04/1996","","8.5 hour WM","I","13","125"
"0725","01/04/1996","","8.5 hour WM","I","13","126"
"0726","01/04/1996","","8.5 hour WM","I","13","127"
"0727","01/04/1996","","8.5 hour WM","I","13","111"
"0728","01/04/1996","","8.5 hour WM Heating","I","13","111"
"0729","01/04/1996","","8.5 hour WM","I","13","112"
"0730","01/04/1996","","8.5 hour WM Heating","I","13","112"
"0731","01/04/1996","","8.5 hour WM","I","13","113"
"0732","01/04/1996","","8.5 hour WM Heating","I","13","113"
"0733","01/04/1996","","8.5 hour WM","I","13","114"
"0734","01/04/1996","","8.5 hour WM Heating","I","13","114"
"0735","01/04/1996","","8.5 hour WM","I","13","115"
"0736","01/04/1996","","8.5 hour WM Heating","I","13","115"
"0737","01/04/1996","","8.5 hour WM","I","13","116"
"0738","01/04/1996","","8.5 hour WM Heating","I","13","116"
"0739","01/04/1996","","8.5 hour WM","I","13","117"
"0740","01/04/1996","","8.5 hour WM Heating","I","13","117"
"0741","01/04/1996","","8.5 hour WM","I","13","118"
"0742","01/04/1996","","8.5 hour WM Heating","I","13","118"
"0743","01/04/1996","","8.5 hour WM","I","13","119"
"0744","01/04/1996","","8.5 hour WM Heating","I","13","119"
"0745","01/04/1996","","8.5 hour WM","I","13","120"
"0746","01/04/1996","","8.5 hour WM Heating","I","13","120"
"0747","01/04/1996","","8.5 hour WM","I","13","121"
"0748","01/04/1996","","8.5 hour WM","I","13","122"
"0749","01/04/1996","","8.5 hour WM Heating","I","13","122"
"0752","01/04/1996","","8.5 hour WM","I","13","100"
"0753","01/04/1996","","Weathercall heating","I","13","100"
"0754","01/04/1996","","8.5 hour WM","I","13","101"
"0755","01/04/1996","","Weathercall heating","I","13","101"
"0756","01/04/1996","","8.5 hour WM","I","13","102"
"0757","01/04/1996","","Weathercall heating","I","13","102"
"0758","01/04/1996","","8.5 hour WM","I","13","103"
"0759","01/04/1996","","Weathercall heating","I","13","103"
"0760","01/04/1996","","8.5 hour WM","I","13","104"
"0761","01/04/1996","","Weathercall heating","I","13","104"
"0762","01/04/1996","","8.5 hour WM","I","13","105"
"0763","01/04/1996","","Weathercall heating","I","13","105"
"0764","01/04/1996","","8.5 hour WM","I","13","97"
"0765","01/04/1996","","Weathercall heating","I","13","97"
"0766","01/04/1996","","8.5 hour WM","I","13","98"
"0767","01/04/1996","","Weathercall heating","I","13","98"
"0768","01/04/1996","","8.5 hour WM","I","13","99"
"0769","01/04/1996","","Weathercall heating","I","13","99"
"0770","01/04/1996","","18-hour dynamic","I","13","20"
"0775","01/04/1996","","Crop&Air Conditioning","I","",""
"0776","01/04/1996","","Crop&Air Conditioning","I","",""
"0781","01/04/1996","","8.5 hour WM","I","",""
"0782","01/04/1996","","8.5 hour WM","I","13","123"
"0783","01/04/1996","","8.5 hour WM","I","13","124"
"0784","01/04/1996","","8.5 hour WM","I","13","125"
"0785","01/04/1996","","8.5 hour WM","I","13","126"
"0786","01/04/1996","","8.5 hour WM","I","13","127"
"0787","01/04/2000","","E7 accompanying Birmingam W'call","I","13","30"
"0788","01/04/2000","","Birmingham Weathercall","I","13","30"
"0789","01/04/2000","","E7 accompanying Manchester W'call","I","13","31"
"0790","01/04/2000","","Manchester Weathercall","I","13","31"
"0791","01/04/2000","","E7 accompanying Anglesey W'call","I","13","32"
"0792","01/04/2000","","Anglesey Weathercall","I","13","32"
"0793","17/09/2004","","8.5 hour WM","I","13","109"
"0794","17/09/2004","","8.5 hour WM Heating","I","13","109"
"0801","01/04/1996","","Unrestricted","I","",""
"0802","01/04/1996","","Two rate with 8 hours night","I","14","15"
"0803","01/04/1996","","Dynamic","I","14","15"
"0804","01/04/1996","","Two rate with 8 hours night","I","14","16"
"0805","01/04/1996","","Dynamic","I","14","16"
"0806","01/04/1996","","Two rate with 8 hours night","I","14","17"
"0807","01/04/1996","","Dynamic","I","14","17"
"0808","01/04/1996","","Two rate with 8 hours night","I","14","25"
"0809","01/04/1996","","Dynamic","I","14","25"
"0810","01/04/1996","","Two rate with 8 hours night","I","14","26"
"0811","01/04/1996","","Dynamic","I","14","26"
"0812","01/04/1996","","Two rate with 8 hours night","I","14","27"
"0813","01/04/1996","","Dynamic","I","14","27"
"0814","01/04/1996","","Two rate with 8 hours night","I","14","35"
"0815","01/04/1996","","Dynamic","I","14","35"
"0816","01/04/1996","","Two rate with 8 hours night","I","14","36"
"0817","01/04/1996","","Dynamic","I","14","36"
"0818","01/04/1996","","Two rate with 8 hours night","I","14","37"
"0819","01/04/1996","","Dynamic","I","14","37"
"0820","01/04/1996","","Two rate with 8 hours night","I","14","45"
"0821","01/04/1996","","Dynamic","I","14","45"
"0822","01/04/1996","","Two rate with 8 hours night","I","14","46"
"0823","01/04/1996","","Dynamic","I","14","46"
"0824","01/04/1996","","Two rate with 8 hours night","I","14","47"
"0825","01/04/1996","","Dynamic","I","14","47"
"0826","01/04/1996","","Two rate with 8 hours night","I","14","67"
"0827","01/04/1996","","Dynamic","I","14","67"
"0828","01/04/1996","","Two rate with 8 hours night","I","14","68"
"0829","01/04/1996","","Dynamic","I","14","68"
"0830","01/04/1996","","Two rate with 8 hours night","I","14","69"
"0831","01/04/1996","","Dynamic","I","14","69"
"0832","01/04/1996","","Two rate with 8 hours night","I","14","74"
"0833","01/04/1996","","Dynamic","I","14","74"
"0834","01/04/1996","","Two rate with 8 hours night","I","14","75"
"0835","01/04/1996","","Dynamic","I","14","75"
"0836","01/04/1996","","Two rate with 8 hours night","I","14","76"
"0837","01/04/1996","","Dynamic","I","14","76"
"0838","01/04/1996","","Two rate with 8 hours night","I","14","77"
"0839","01/04/1996","","Dynamic","I","14","77"
"0840","01/04/1996","","Two rate with 8 hours night","I","14","94"
"0841","01/04/1996","","Dynamic","I","14","94"
"0842","01/04/1996","","Two rate with 8 hours night","I","14","95"
"0843","01/04/1996","","Dynamic","I","14","95"
"0844","01/04/1996","","Two rate with 8 hours night","I","14","96"
"0845","01/04/1996","","Dynamic","I","14","96"
"0846","01/04/1996","","Two rate with 8 hours night","I","14","123"
"0847","01/04/1996","","Dynamic","I","14","123"
"0848","01/04/1996","","Two rate with 8 hours night","I","14","124"
"0849","01/04/1996","","Dynamic","I","14","124"
"0850","01/04/1996","","Dynamic","I","14","18"
"0851","01/04/1996","","Dynamic","I","14","38"
"0852","01/04/1996","","Two rate with 8 hours night","I","14","1"
"0853","01/04/1996","","Two rate with 8 hours night","I","14","72"
"0854","01/04/1996","","Two rate with 8 hours night","I","14","73"
"0855","01/04/1996","","Two rate with 8 hours night","I","14","82"
"0856","01/04/1996","","Two rate with 8 hours night","I","14","83"
"0857","01/04/1996","","Two rate with 8 hours night","I","14","21"
"0858","01/04/1996","","Two rate with 8 hours night","I","14","41"
"0859","01/04/1996","","Two rate with 8 hours night","I","14","11"
"0860","01/04/1996","","Two rate with 8 hours night","I","14","31"
"0861","01/04/1996","","Two rate with 8 hours night","I","14","51"
"0862","01/04/1996","","Two rate with 8 hours night","I","14","91"
"0863","01/04/1996","","Two rate with 8 hours night","I","14","61"
"0864","01/04/1996","","Two rate with 8 hours night","I","14","101"
"0865","01/04/1996","","Two rate with 8 hours night","I","14","63"
"0866","01/04/1996","","Dynamic","I","14","63"
"0867","01/04/1996","","Two rate with 8 hours night","I","14","64"
"0868","01/04/1996","","Dynamic","I","14","64"
"0869","01/04/1996","","Two rate with 8 hours night","I","14","65"
"0870","01/04/1996","","Dynamic","I","14","65"
"0871","01/04/1996","","Two rate with 8 hours night","I","14","66"
"0872","01/04/1996","","Dynamic","I","14","66"
"0873","01/04/1996","","Two rate with 8 hours night","I","14","71"
"0874","01/04/1996","","Dynamic","I","14","71"
"0875","01/04/1996","","Two rate with 8 hours night","I","14","81"
"0876","01/04/1996","","Dynamic","I","14","81"
"0877","01/04/1996","","Two rate with 8 hours night","I","14","110"
"0878","01/04/1996","","Dynamic","I","14","110"
"0879","01/04/1996","","Two rate with 8 hours night","I","14","111"
"0880","01/04/1996","","Dynamic","I","14","111"
"0881","01/04/1996","","Two rate with 8 hours night","I","14","120"
"0882","01/04/1996","","Dynamic","I","14","120"
"0883","01/04/1996","","Two rate with 8 hours night","I","14","121"
"0884","01/04/1996","","Dynamic","I","14","121"
"0885","01/04/1996","","Two rate with 8 hours night","I","14","122"
"0886","01/04/1996","","Dynamic","I","14","122"
"0887","01/04/1996","","Two rate with 8 hours night","I","14","125"
"0888","01/04/1996","","Dynamic","I","14","125"
"0889","01/04/1996","","Two rate with 8 hours night","I","",""
"0890","01/04/1996","","Dynamic","I","14","32"
"0891","01/04/1996","","Dynamic","I","14","80"
"0892","01/04/1996","","Dynamic","I","14","97"
"0893","01/04/1996","","Dynamic","I","14","98"
"0894","01/04/1996","","8 Hours OP","I","",""
"0895","01/04/1996","","8 Hours OP","I","",""
"0896","01/04/1996","","8 Hours OP","I","",""
"0897","01/04/1996","","Dynamic","I","14","78"
"0898","01/04/1996","","Dynamic","I","14","79"
"0899","01/04/1996","","11 Hours OP","I","",""
"0900","01/04/1996","","11 Hours OP","I","",""
"0901","01/04/1996","","11 Hours OP","I","",""
"0902","01/04/1996","","11 Hours OP","I","",""
"0903","01/04/1996","","11 Hours OP","I","",""
"0904","01/04/1996","","8 Hours OP + Weekends","I","",""
"0905","01/04/1996","","8 Hours OP + Weekends","I","",""
"0906","01/04/1996","","8 Hours OP + Weekends","I","",""
"0907","01/04/1996","","15 Hours OP + Weekends","I","",""
"0908","01/04/1996","","15 Hours OP + Weekends","I","",""
"0909","01/04/1996","","15 Hours OP + Weekends","I","",""
"0910","01/04/1996","","15 Hours OP + Weekends","I","",""
"0911","01/04/1996","","15 Hours OP + Weekends","I","",""
"0912","01/04/1996","","15 Hours OP + Weekends","I","",""
"0913","01/04/1996","","15 Hours OP + Weekends","I","",""
"0914","01/04/1996","","15 Hours Nov - April/24 Hours May - Oct","I","",""
"0915","01/04/1996","","8 Hours OP","I","",""
"0916","01/04/1996","","8 Hours OP","I","",""
"0917","01/04/1996","","8 Hours OP","I","",""
"0918","01/04/1996","","Evening/Weekend","I","",""
"0919","01/04/1996","","2 rate","I","",""
"0920","01/04/1996","","2 rate","I","",""
"0922","01/04/1996","","Unrestricted","I","",""
"0923","01/04/1996","","Unrestricted","I","",""
"0924","01/04/1996","","Unrestricted","I","",""
"0925","01/04/1996","","Unmetered Type A ("flat " profile)","I","",""
"0926","01/04/1996","","Unmetered B ("dusk-to-dawn")","I","",""
"0927","01/04/1996","","Unmetered D ("dawn-to-dusk")","I","",""
"0928","01/04/1996","","Unmetered C ("half-night & pre-dawn")","I","",""
"0929","01/04/1996","","11 Hours OP","I","14","42"
"0930","01/04/1996","","11 Hours OP","I","14","52"
"0931","01/04/1996","","11 Hours OP","I","14","62"
"0932","01/04/1996","","Seasonal ToD","I","",""
"0933","10/11/2000","","Two rate with 8 hours night","I","14","28"
"0934","10/11/2000","","Dynamic","I","14","28"
"0935","10/11/2000","","Split 10 hr E10","I","",""
"0936","12/01/2001","","Split 10 hr E10","I","3","3"
"0937","26/04/2002","","Split 10 hr E10","I","12","10"
"0938","25/07/2003","","Split 10 hr E10","I","",""
"0939","19/03/2004","","Split 10 hr E10","I","",""
"0940","13/08/2004","","NHH Export Hydro Profile Class","E","",""
"0941","13/08/2004","","NHH Export Wind Profile Class","E","",""
"0942","28/04/2006","","7-hour E7 (Cornwall & def reinforcement)","I","",""
"0943","28/04/2006","","7-hour E7","I","",""
"0944","28/04/2006","","7-hour E7","I","",""
"0945","28/04/2006","","7-hour E7","I","",""
"0946","28/04/2006","","7-hour E7","I","",""
"0947","07/12/2007","","Smart Meter 3 Rate Time of Day","I","",""
"0948","02/12/2008","","10 hour Evening/Weekend","I","",""
"0949","16/09/2009","","General Purpose 2 Rate (paired wth 0950)","I","",""
"0950","16/09/2009","","E10 Heating Single Rate (prd wth 0949)","I","",""
"0951","16/09/2009","","E9 Heating","I","",""
"0952","16/09/2009","","General Purpose 2 Rate (paired wth 0951)","I","",""
"0953","16/12/2009","","Two rate with 20 hours night","I","",""
"0954","17/02/2010","","Three Rate Peak Day Other","I","",""
"0955","15/09/2010","","4 rate weekday/2 rate weekend","I","",""
"0956","20/04/2011","","4 Rate Weekday/2 rate Weekend (BST)","I","",""
"0957","15/06/2011","","Unrestricted with  Weekday Peak","I","",""
"0958","15/06/2011","","Unrestricted with Peak","I","",""
"0959","15/06/2011","","Economy 7 with Weekday Peak","I","",""
"0960","15/06/2011","","Economy 7 with Peak","I","",""
"0961","20/04/2011","","Evening Weekend and Weekday Peak (smart)","I","",""
"0962","15/06/2011","","Evening Weekend with Peak","I","",""
"0963","15/06/2011","","Evening Weekend Night and Peak","I","",""
"0964","20/04/2011","","Evening Weekend with Night (BST)","I","",""
"0965","16/11/2011","","3 Rate with Weekday Peak","I","",""
"0966","15/06/2011","","8-hour OP","I","",""
"0967","15/06/2011","","Superdeal Day/Night","I","",""
"0968","15/06/2011","","Superdeal Day/Night","I","",""
"0969","14/12/2011","","3 Rate with Weekday Peak","I","",""
"0970","15/06/2011","","split 7-hour E7","I","",""
"0971","14/03/2012","","Smart meter trial - time of use 3 rate","I","",""
"0972","20/02/2013","","2 Rate Saturday Off Peak","I","",""
"0973","20/07/2011","","Flexiheat Day/Evening/Weekend","I","",""
"0974","20/07/2011","","Flexiheat heating","I","",""
"0975","17/07/2013","","Saturday Off Peak (9-5)","I","",""
"0976","17/07/2013","","Sunday Off Peak (9-5)","I","",""
"0978","17/08/2011","","7-hour OP","I","",""
"0979","17/08/2011","","Non-Standard OP (8+3 hour)","I","",""
"0980","20/07/2011","","General Purpose 2 Rate (paired with 0980","I","",""
"0981","20/07/2011","","E10 Heating Single Rate (prd with 0981)","I","",""
"0982","16/10/2013","","Evening Saver","I","",""
"0983","16/10/2013","","Comfort Booster","I","",""
"0984","16/07/2014","","Saturday Off Peak (24 Hrs)","I","",""
"0985","16/07/2014","","Sunday Off Peak (24 Hrs)","I","",""
"0989","15/06/2011","","Redring Boiler (general purpose)","I","",""
"0990","15/06/2011","","Redring Boiler (heating circuit)","I","",""
"0991","15/06/2011","","8-hour OP","I","",""
"0996","15/06/2011","","Lifestyle Tariff","I","",""
"0997","16/11/2011","","Evening/Weekend - BST","I","",""
