"Market Participant Id","Market Participant Role Code","Effective From Date {MPR}","Effective To Date {MPR}","Address Line 1","Address Line 2","Address Line 3","Address Line 4","Address Line 5","Address Line 6","Address Line 7","Address Line 8","Address Line 9","Post Code","Distributor Short Code"
"MANW","3","13/11/1998","","SP Manweb Plc","New Alderston House","Strathclyde Business Park","Bellshill","Lanarkshire","","","","","ML4 3AL",""
"MANW","4","13/11/1998","","SP Dataserve Ltd","19","Hawick Street","Glasgow","","","","","","G13 1BR",""
"MANW","8","29/05/2003","","SP Manweb Plc","New Alderston House","Strathclyde Business Park","Bellshill","Lanarkshire","","","","","ML4 3AL",""
"MANW","B","01/04/1996","","SP Dataserve Ltd","19","Hawick Street","Glasgow","","","","","","G13 1BR",""
"MANW","D","01/04/1996","","SP Dataserve Ltd","19","Hawick Street","Glasgow","","","","","","G13 1BR",""
"MANW","I","13/11/1998","","SP Manweb Plc","New Alderston House","Strathclyde Business Park","Bellshill","Lanarkshire","","","","","ML4 3AL",""
"MANW","J","01/04/1996","","SP Manweb Plc.","New Alderston House","Strathclyde Business Park","Bellshill","Lanarkshire","","","","","ML4 3AL",""
"MANW","M","01/04/1996","","SP Dataserve Ltd","19","Hawick Street","Glasgow","","","","","","G13 1BR",""
"MANW","P","01/04/1996","","SP Manweb Plc.","New Alderston House","Strathclyde Business Park","Bellshill","Lanarkshire","","","","","ML4 3AL",""
"MANW","R","01/04/1996","","SP Manweb Plc","New Alderston House","Strathclyde Business Park","Bellshill","Lanarkshire","","","","","ML4 3AL","13"
"MANW","V","13/11/1998","","Scottish Power Energy Retail Ltd","Cathcart Business Park","Spean Street","Glasgow","","","","","","G44 4BE",""
"MANW","W","01/04/1996","","SP Dataserve Ltd","19","Hawick Street","Glasgow","","","","","","G13 1BR",""
"MANW","X","01/04/1996","","Scottish Power Energy Retail Ltd","Cathcart House","Cathcart Business Park","Spean Street","Glasgow","","","","","G44 4BE",""
"MAVE","X","20/10/2000","04/03/2005","Temple Chambers","Temple Avenue","London","","","","","","","EC4Y 0HP",""
"MEMD","6","25/07/2003","","E.ON UK Energy Services Limited","Westwood Way","Westwood Business Park","Coventry","","","","","","CV4 8LG",""
"MEMW","6","25/07/2003","","E.ON UK Energy Services Limited","Westwood Way","Westwood Business Park","Coventry","","","","","","CV4 8LG",""
"MENW","6","25/07/2003","","Metering Services Ltd","Whittington Hall","Whittington","Worcester","","","","","","WR5 2RB",""
"MESL","8","29/05/2003","","Metering Services Ltd","Midlands Electricity plc","Whittington Hall","Whittington","Worcester","","","","","WR5 2RB",""
"MESS","6","25/07/2003","","E.ON UK Energy Services Limited","Westwood Way","Westwood Business Park","Coventry","","","","","","CV4 8LG",""
"MGAS","X","17/12/1999","19/01/2007","33 Grosvenor Place","London","","","","","","","","SW1X 7HY",""
"MIDE","3","09/11/1998","","Midlands Electricity plc","Whittington Hall","Whittington","Worcester","","","","","","WR5 2RB",""
"MIDE","4","09/11/1998","","Midlands Electricity plc","Whittington Hall","Whittington","Worcester","","","","","","WR5 2RB",""
"MIDE","8","17/04/2003","","E.ON UK Energy Services Limited","Westwood Way","Westwood Business Park","Coventry","","","","","","CV4 8LG",""
"MIDE","A","01/04/1996","13/07/1999","Midlands Electricity plc","Blackpole Road","Worcester","","","","","","","WR4 9TB",""
"MIDE","A","09/08/2002","","E.ON UK Energy Services Limited","Westwood Way","Westwood Business Park","Coventry","","","","","","CV4 8LG",""
"MIDE","B","01/04/1996","","E.ON UK Energy Services Limited","Westwood Way","Westwood Business Park","Coventry","","","","","","CV4 8LG",""
"MIDE","C","01/04/1996","13/07/1999","Midlands Electricity plc","Blackpole Road","Worcester","","","","","","","WR4 9TB",""
"MIDE","C","09/08/2002","","E.ON UK Energy Services Limited","Westwood Way","Westwood Business Park","Coventry","","","","","","CV4 8LG",""
"MIDE","D","01/04/1996","","E.ON UK Energy Services Limited","Westwood Way","Westwood Business Park","Coventry","","","","","","CV4 8LG",""
"MIDE","J","09/11/1998","","Midlands Electricity plc","Whittington Hall","Whittington","Worcester","","","","","","WR5 2RB",""
"MIDE","M","01/04/1996","","E.ON UK Energy Services Limited","Westwood Way","Westwood Business Park","Coventry","","","","","","CV4 8LG",""
"MIDE","P","01/04/1996","","Midlands Electricity plc","Whittington Hall","Whittington","Worcester","","","","","","WR5 2RB",""
"MIDE","R","01/04/1996","","Central Networks West Plc","Pegasus Business Park","Herald Way","Castle Donnington","Derbyshire","","","","","DE74 2TU","14"
"MIDE","V","01/04/1996","","National Power (Energy Co.) Limited","Windmill Hill Business Park","Whitehill Way","Swindon","","","","","","SN5 6PB",""
"MIDE","W","09/11/1998","","Midlands Electricity plc","Whittington Hall","Whittington","Worcester","","","","","","WR5 2RB",""
"MIDE","X","01/04/1996","","NPOWER LTD","TRIGONOS","WINDMILL HILL BUSINESS PARK","WHITEHILL WAY","SWINDON","WILTSHIRE","","","","SN5 6PB",""
"MIDE","Y","09/11/1998","","Midlands Electricity plc","Whittington Hall","Whittington","Worcester","","","","","","WR5 2RB",""
"MRSL","6","25/07/2003","05/04/2007","Avonbank","Feeder Road","Bristol","","","","","","","BS2 0TB",""
"MSCG","X","01/04/2006","","MSCGI c/o Morgan Stanley & Co.  Int. Ltd","20 Cabot Square","Canary Wharf","London","","","","","","E14 4QW",""
"NATP","8","25/07/2003","","NPOWER LTD","TRIGONOS","WINDMILL HILL BUSINESS PARK","WHITEHILL WAY","SWINDON","WILTSHIRE","","","","SN5 6PB",""
"NATP","X","01/04/1996","","INDUSTRIAL AND COMMERCIAL","TRIGONOS","WINDMILL HILL BUSINESS PARK","WHITEHILL WAY","SWINDON","WILTSHIRE","","","","SN5 6PB",""
"NEEB","3","24/03/2006","","NORTHERN ELECTRIC DISTRIBUTION LIMITED","LLOYDS COURT","78","GREY STREET","NEWCASTLE UPON TYNE","","","","","NE1 6AF",""
"NEEB","8","17/04/2003","","Northern Electric Distribution Ltd","Lloyds Court","78 Grey Street","Newcastle-upon-Tyne","","","","","","NE1 6AF",""
"NEEB","A","01/04/1996","","Carliol House","Market Street","NEWCASTLE UPON TYNE","","","","","","","NE1 6NE",""
"NEEB","B","01/04/1996","","Carliol House","Market Street","NEWCASTLE UPON TYNE","","","","","","","NE1 6NE",""
"NEEB","C","01/04/1996","","Carliol House","Market Street","NEWCASTLE UPON TYNE","","","","","","","NE1 6NE",""
"NEEB","D","01/04/1996","","Carliol House","Market Street","NEWCASTLE UPON TYNE","","","","","","","NE1 6NE",""
"NEEB","J","01/10/1998","","Northern Electric Distribution Ltd","Lloyds Court","78 Grey Street","Newcastle-upon-Tyne","","","","","","NE1 6AF",""
"NEEB","M","01/04/1996","","Northern Electric Distribution Ltd","Lloyds Court","78 Grey Street","Newcastle-upon-Tyne","","","","","","NE1 6AF",""
"NEEB","P","01/04/1996","","Northern Electric Distribution Ltd","Lloyds Court","78 Grey Street","Newcastle-upon-Tyne","","","","","","NE1 6AF",""
"NEEB","R","01/04/1996","","Northern Electric Distribution Ltd","Lloyds Court","78 Grey Street","Newcastle-upon-Tyne","","","","","","NE1 6AF","15"
"NEEB","V","01/10/1998","","Carliol House","Market Street","NEWCASTLE UPON TYNE","","","","","","","NE1 6NE",""
"NEEB","W","01/10/1998","","Carliol House","Market Street","NEWCASTLE UPON TYNE","","","","","","","NE1 6NE",""
"NEEB","X","01/04/1996","","NPOWER NORTHERN SUPPLY LTD","TRIGONOS","WINDMILL HILL BUSINESS PARK","WHITEHILL WAY","SWINDON","WILTSHIRE","","","","SN5 6PB",""
"NELC","X","01/04/1996","","Barnett Way","Barnwood","GLOUCESTER","","","","","","","GL4 3RS",""
"NELC","Y","09/07/2004","","British Energy Generation Ltd","Barnett Way","Barnwood","Gloucester","","","","","","GL4 3RS",""
"NGCY","T","01/04/1996","","185 Park Street","London","","","","","","","","SE1 9DY",""
"NGTL","Y","28/03/2000","","Windmill Hill Business Park","Whitehill Way","Swindon","Wiltshire","","","","","","SN5 6PB",""
"NHUK","X","01/04/1996","28/03/2000","Bridge House","69 London Road","Twickenham","Middlesex","","","","","","TW1 3RH",""
"NORW","3","13/11/1998","","Electricity North West Limited","Dalton House","Dalton Avenue","Birchwood Park","Birchwood","Warrington","","","","WA3 6YF",""
"NORW","4","13/11/1998","","110 Wellington Rd","Ashton-Under-Lyne","","","","","","","","OL6 7HX",""
"NORW","8","17/04/2003","","Dawson House","Great Sankey","Warrington","","","","","","","WA5 3LW",""
"NORW","B","01/04/1996","","E.ON UK Energy Services Limited","Westwood Way","Westwood Business Park","Coventry","","","","","","CV4 8LG",""
"NORW","D","01/04/1996","","E.ON UK Energy Services Limited","Westwood Way","Westwood Business Park","Coventry","","","","","","CV4 8LG",""
"NORW","J","13/11/1998","","Lingley Green Avenue","Great Sankey","Warrington","","","","","","","WA5 3LP",""
"NORW","M","01/04/1996","","United Utilities Plc","Oakland House","Floor 11","PO Box 9","Talbot Road","Old Trafford","Manchester","","","M16 0QF",""
"NORW","P","01/04/1996","","Manchester Rd","Bolton","","","","","","","","BL3 2QN",""
"NORW","R","01/04/1996","","Electricity North West Limited","Dalton House","104 Dalton Avenue","Birchwood Park","Birchwood","Warrington","","","","WA3 6YF","16"
"NORW","V","13/11/1998","","Manchester Rd","Bolton","","","","","","","","BL3 2QN",""
"NORW","W","13/11/1998","","Hartington Road","Preston","Lancashire","","","","","","","PR1 8LE",""
"NORW","X","01/04/1996","","Talbot Road","Manchester","","","","","","","","M16 OHQ",""
"NPOW","V","11/01/2008","","INNOGY Plc","Windmill Hill Business Park","Whitehill Way","Swindon","Wiltshire","","","","","SN5 6BP",""
"NPOW","Y","03/05/2000","","Windmill Hill Business Park","Whitehill Way","Swindon","Wiltshire","","","","","","SN5 6BP",""
"NTWL","Y","28/03/2000","","Windmill Hill Business Park","Whitehill Way","Swindon","Wiltshire","","","","","","SN5 6PB",""
"NUCE","X","01/04/1996","","Riverside Building","Berkeley Centre","Berkeley","Gloucestershire","","","","","","GL13 9PB",""
"OGAS","X","25/07/2003","","8 Riverview","The Embankment","Heaton Mersey","Stockport","","","","","","SK4 3GN",""
"ONSE","6","22/12/2006","","UMS Ltd (trading as OnStream)","35 Homer Road","Solihull","West Midlands","","","","","","B91 3QJ",""
"ONSE","8","22/12/2006","","UMS Ltd (trading as OnStream)","35 Homer Road","Solihull","West Midlands","","","","","","B91 3QJ",""
"ONSE","M","22/12/2006","","UMS Ltd (trading as OnStream)","35 Homer Road","Solihull","West Midlands","","","","","","B91 3QJ",""
"ONST","6","18/11/2005","","35 Homer Road","Solihull","West Midlands","","","","","","","B91 3QJ",""
"ONST","8","23/05/2003","","35 Homer Road","Solihull","West Midlands","","","","","","","B91 3QJ",""
"ONST","M","23/05/2003","","35 Homer Road","Solihull","West Midlands","","","","","","","B91 3QJ",""
"OXPO","X","09/08/2002","","Oxford Centre for Innovation","Mill Street","Oxford","","","","","","","OX2 0JX",""
"PCHP","Y","28/03/2000","","Westwood Way","Westwood Business Park","Coventry","","","","","","","CV4 8LG",""
"PDAL","4","10/02/2006","","Power Data Assoiates Ltd","Wrest Park","Silsoe","Bedfordshire","","","","","","MK45 4HR",""
"PGEN","X","01/04/1996","","E.ON Energy","I&C Retail","Westwood Way","Westwood Business Park","Coventry","","","","","CV4 8LG",""
"PGEN","Y","17/03/1999","","53 New Broad Street","London","","","","","","","","E2M 1JJ",""
"PLEX","4","13/07/2007","","PLEXUS TECHNOLOGY LIMITED","11, PEARL HOUSE","ANSON COURT","STAFFORDSHIRE TECHNOLOGY PARK","STAFFORD","STAFFS.","","","","ST18 0GB",""
"PLEX","6","13/07/2007","","PLEXUS TECHNOLOGY LIMITED","11, PEARL HOUSE","ANSON COURT","STAFFORDSHIRE TECHNOLOGY PARK","STAFFORD","STAFFS.","","","","ST18 0GB",""
"PLEX","8","13/07/2007","","PLEXUS TECHNOLOGY LIMITED","11, PEARL HOUSE","ANSON COURT","STAFFORDSHIRE TECHNOLOGY PARK","STAFFORD","STAFFS.","","","","ST18 0GB",""
"PLUS","8","23/05/2003","","Npower Yorkshire Ltd (MeterPlus)","Windmill Hill Business Park","Whitehill Way","Swindon","","","","","","SN5 6PB",""
"POOL","Z","01/04/1996","","338 Euston Road","10th Floor","Regent's Place","London","","","","","","NW1 3BP",""
"PRIM","8","29/04/2005","","PRI Ltd","PRI House","Moorside Road","Winchester","Hampshire","","","","","SO23 7RX",""
"PRIP","V","29/04/2005","","PRI Ltd","PRI House","Moorside Road","Winchester","Hampshire","","","","","SO23 7RX",""
"PURE","X","24/01/2003","","Monkton Park","Chippenham","Wiltshire","","","","","","","SN15 1ER",""
"PURE","Y","01/04/2004","","Monkton Park Offices","Monkton Park","Chippenham","Wiltshire","","","","","","SN15 1ER",""
"RBOS","X","11/03/2008","","The Royal Bank of Scotland","36 Andrew Square","Edinburgh","","","","","","","EH2 2YB",""
"RENC","X","01/04/1996","","Stroud House","Russell St","Stroud","Gloucestershire","","","","","","GL5 3AN",""
"RGAS","X","08/12/2000","16/03/2001","12 Russell Grove","London","","","","","","","","NW7 3QX",""
"RUGE","Y","10/11/2000","","Wherstead Business Park","Wherstead","Ipswich","Suffolk","","","","","","IP9 2AQ",""
"RWED","X","22/02/2002","","Gaz de France Marketing ltd","1 City Walk","LEEDS","West Yorkshire","","","","","","LS11 9DX",""
"SCHL","M","01/04/1996","14/11/2003","PO BOX 3","Talbot Road","Strettford","Manchester","","","","","","M32 0XX",""
"SCPL","Y","03/05/2000","","Shoreham Power Station","Basin Road South","Portslade","","","","","","","BN41 1WF",""
"SEEB","3","18/11/2005","","EDF Energy Networks","Atlantic House","Henson Road","Three Bridges","Crawley","West Sussex","","","","RH10 1QQ",""
"SEEB","6","03/05/2000","","EDF Energy Customer Field Services","255 Broadway","Bexleyheath","Kent","","","","","","DA6 8ET",""
"SEEB","8","17/04/2003","","EDF Energy Networks","Atlantic House","Henson Road","Three Bridges","Crawley","West Sussex","","","","RH10 1QQ",""
"SEEB","B","01/04/1996","","EDF Energy Customer Field Services","255 Broadway","Bexleyheath","Kent","","","","","","DA6 8ET",""
"SEEB","D","01/04/1996","","EDF Energy Customer Field Services","255 Broadway","Bexleyheath","Kent","","","","","","DA6 8ET",""
"SEEB","J","11/08/2000","","EDF Energy Network (SPN) plc","Atlantic House","Henson Road","Three Bridges","Crawley","West Sussex","","","","RH10 1QQ",""
"SEEB","M","01/04/1996","","EDF Energy Customer Field Services","255 Broadway","Bexleyheath","Kent","","","","","","DA6 8ET",""
"SEEB","P","01/04/1996","","EDF Energy Network (SPN) plc","Atlantic House","Henson Road","Three Bridges","Crawley","West Sussex","","","","RH10 1QQ",""
"SEEB","R","01/04/1996","","EDF Energy Network (SPN) plc","Atlantic House","Henson Road","Three Bridges","Crawley","West Sussex","","","","RH10 1QQ","19"
"SEEB","V","23/04/1999","","Gadeon House","Grenadier Road","Exeter Business Park","Exeter","Devon","","","","","EX1 3UT",""
"SEEB","X","01/04/1996","","EDF Energy","40 Grosvenor Place","Victoria","London","","","","","","SW1X 7EN",""
"SEEL","X","01/08/2006","","Sempra Energy Europe Limited","111 Old Broad Street","LONDON","","","","","","","EC2N 1SE",""
"SEOA","M","28/07/2006","06/10/2006","Scottish and Southern Energy PLC","Inveralmond House","200 Dunkeld Road","Perth","","","","","","PH1 3AQ",""
"SESL","G","01/04/1996","","SESL","Delta House","50 West Nile Street","Glasgow","","","","","","G1 2NQ",""
"SESL","H","01/04/1996","","SESL","Delta House","50 West Nile Street","Glasgow","","","","","","G1 2NQ",""
"SESL","Y","09/11/1998","","SESL","Delta House","50 West Nile Street","Glasgow","","","","","","G1 2NQ",""
"SHEL","X","01/04/1996","16/03/2001","Downstream Procurement","Delta House","Rowlands Way","Withenshawe","MANCHESTER","","","","","M22 5SB",""
"SIEM","8","23/05/2003","","Siemens Energy Services Ltd","Woodyard Lane","Off Lambourne Drive","Wollaton","Nottingham","","","","","NG8 1GB",""
"SIEM","B","20/06/2003","","Siemens Energy Services","Woodyard Lane","Off Lambourne Drive","Wollaton","Nottingham","","","","","NG8 1GB",""
"SIEM","D","20/06/2003","","Siemens Energy Services","Woodyard Lane","Off Lambourne Drive","Wollaton","Nottingham","","","","","NG8 1GB",""
"SIEM","M","20/06/2003","","Siemens Energy Services","Woodyard Lane","Off Lambourne Drive","Wollaton","Nottingham","","","","","NG8 1GB",""
"SIEM","V","19/10/2001","","Hortonwood 30","Telford","Shropshire","","","","","","","TF1 7YG",""
"SLOU","X","01/04/1996","16/03/2001","342 Edinburgh Avenue","SLOUGH","","","","","","","","SL1 4TU",""
"SMAL","X","14/11/2003","","SmartestEnergy Limited","120 Moorgate","London","","","","","","","EC2M 6SS",""
"SMAR","X","18/01/2002","","SmartestEnergy Limited","120 Moorgate","London","","","","","","","EC2M 6SS",""
"SOUT","3","29/01/1999","","Scottish And Southern Energy PLC","Inveralmond House","200 Dunkeld Road","Perth","","","","","","PH1 3AQ",""
"SOUT","4","29/01/1999","","Scottish And Southern Energy PLC","Inveralmond House","200 Dunkeld Road","Perth","","","","","","PH1 3AQ",""
"SOUT","8","17/04/2003","","Scottish And Southern Energy PLC","Inveralmond House","200 Dunkeld Road","Perth","","","","","","PH1 3AQ",""
"SOUT","A","01/04/1996","09/03/1999","Southern Electric House","Westacott Way","Littlewick Green","Maidenhead","BERKSHIRE","","","","","SL6 3QB",""
"SOUT","B","01/04/1996","","Scottish And Southern Energy PLC","Inveralmond House","200 Dunkeld Road","Perth","","","","","","PH1 3AQ",""
"SOUT","C","01/04/1996","09/03/1999","Southern Electric House","Westacott Way","Littlewick Green","Maidenhead","BERKSHIRE","","","","","SL6 3QB",""
"SOUT","D","01/04/1996","","Scottish And Southern Energy PLC","Inveralmond House","200 Dunkeld Road","Perth","","","","","","PH1 3AQ",""
"SOUT","J","01/04/1996","","Scottish And Southern Energy PLC","Inveralmond House","200 Dunkeld Road","Perth","","","","","","PH1 3AQ",""
"SOUT","M","01/04/1996","","Scottish And Southern Energy PLC","Inveralmond House","200 Dunkeld Road","Perth","","","","","","PH1 3AQ",""
"SOUT","P","01/04/1996","","Scottish And Southern Energy PLC","Inveralmond House","200 Dunkeld Road","Perth","","","","","","PH1 3AQ",""
"SOUT","R","01/04/1996","","Southern Electric Power Distribution Plc","Inveralmond House","200 Dunkeld Road","Perth","","","","","","PH1 3AQ","20"
"SOUT","V","01/04/1996","","Scottish And Southern Energy PLC","Inveralmond House","200 Dunkeld Road","Perth","","","","","","PH1 3AQ",""
"SOUT","W","01/04/1996","","Scottish And Southern Energy PLC","Inveralmond House","200 Dunkeld Road","Perth","","","","","","PH1 3AQ",""
"SOUT","X","01/04/1996","","Scottish And Southern Energy PLC","Inveralmond House","200 Dunkeld Road","Perth","","","","","","PH1 3AQ",""
"SPOW","3","13/11/1998","","SP Distribution Ltd","New Alderston House","Strathclyde Business Park","Bellshill","Lanarkshire","","","","","ML4 3AL",""
"SPOW","4","13/11/1998","","SP Dataserve Ltd","19","Hawick Street","Glasgow","","","","","","G13 1BR",""
"SPOW","8","29/05/2003","","SP Distribution Ltd","New Alderston House","Strathclyde Business Park","Bellshill","Lanarkshire","","","","","ML4 3AL",""
"SPOW","A","01/04/1996","","SP Dataserve Ltd","19","Hawick Street","Glasgow","","","","","","G13 1BR",""
"SPOW","B","01/04/1996","","SP Dataserve Ltd","19","Hawick Street","Glasgow","","","","","","G13 1BR",""
"SPOW","C","01/04/1996","","SP Dataserve Ltd","19","Hawick Street","Glasgow","","","","","","G13 1BR",""
"SPOW","D","01/04/1996","","SP Dataserve Ltd","19","Hawick Street","Glasgow","","","","","","G13 1BR",""
"SPOW","E","01/04/1996","","SP Energy Trading Ltd","Cathcart House","Cathcart Business Park","Spean Street","Glasgow","","","","","G44 4BE",""
"SPOW","I","13/11/1998","","SP Distribution Ltd","New Alderston House","Strathclyde Business Park","Bellshill","Lanarkshire","","","","","ML4 3AL",""
"SPOW","J","01/04/1996","","SP Distribution Ltd","New Alderston House","Strathclyde Business Park","Bellshill","Lanarkshire","","","","","ML4 3AL",""
"SPOW","M","01/04/1996","","SP Dataserve Ltd","19","Hawick Street","Glasgow","","","","","","G13 1BR",""
"SPOW","N","01/04/1996","","SP Distribution Ltd","New Alderston House","Strathclyde Business Park","Bellshill","Lanarkshire","","","","","ML4 3AL",""
"SPOW","O","01/04/1996","","SP Distribution Ltd","New Alderston House","Strathclyde Business Park","Bellshill","Lanarkshire","","","","","ML4 3AL",""
"SPOW","P","01/04/1996","","SP Distribution Ltd","New Alderston House","Strathclyde Business Park","Bellshill","Lanarkshire","","","","","ML4 3AL",""
"SPOW","Q","01/04/1996","","SP Distribution Ltd","New Alderston House","Strathclyde Business Park","Bellshill","Lanarkshire","","","","","ML4 3AL",""
"SPOW","R","01/04/1996","","SP Distribution Ltd","New Alderston House","Strathclyde Business Park","Bellshill","Lanarkshire","","","","","ML4 3AL","18"
"SPOW","T","01/04/1996","","SP Transmission Ltd","Strathkelvin House","Campsie Road","Kirkintilloch","Glasgow","","","","","G66 1RN",""
"SPOW","V","13/11/1998","","Scottish Power Energy Retail Ltd","Cathcart House","Cathcart Business Park","Spean Street","Glasgow","","","","","G44 4BE",""
"SPOW","W","01/04/1996","","SP Dataserve Ltd","19","Hawick Street","Glasgow","","","","","","G13 1BR",""
"SPOW","X","01/04/1996","","Scottish Power Energy Retail Ltd","Cathcart House","Cathcart Business Park","Spean Street","Glasgow","","","","","G44 4BE",""
"SPOW","Y","01/04/1996","","1 Atlantic Quay","GLASGOW","","","","","","","","G2 8SP",""
"SPRK","X","11/01/2008","","PRI House","Moorside Road","Winchester","Hampshire","","","","","","SO23 7RX",""
"SSIL","6","29/04/2005","","Stark Software","Sentinel House","10-12 Massetts Road","Horley","Surrey","","","","","RH6 7DE",""
"SSIL","A","20/07/2001","","Stark Software International Ltd","Sentinel House","10-12 Massetts Road","Horley","Surrey","","","","","RH6 7DE",""
"SSIL","C","20/07/2001","","Stark Software International Ltd","Sentinel House","10-12 Massetts Road","Horley","Surrey","","","","","RH6 7DE",""
"STCL","Z","01/04/1996","","4-6 Church Walk","Daventry","","","","","","","","NN11 4BL",""
"SWAE","3","09/11/1998","","Western Power Distribution - South Wales","Lamby Way Industrial Estate","Rumney","Cardiff","","","","","","CF3 8EH",""
"SWAE","4","09/11/1998","","Western Power Distribution - South Wales","Lamby Way Industrial Estate","Rumney","Cardiff","","","","","","CF3 8EH",""
"SWAE","8","17/04/2003","09/11/2007","Western Power Distribution (South Wales)","Avonbank","Feeder Road","Bristol","","","","","","BS2 0TB",""
"SWAE","B","01/04/1996","28/02/2007","Western Power Distribution - South Wales","C/O Logica Services","Newport Road","St. Mellons","Cardiff","","","","","CF3 5WW",""
"SWAE","D","01/04/1996","31/03/2004","Western Power Distribution - South Wales","C/O Logica Services","Newport Road","St. Mellons","Cardiff","","","","","CF3 5WW",""
"SWAE","J","09/11/1998","","Western Power Distribution - South Wales","Lostwithiel Road","Bodmin","Cornwall","","","","","","PL31 1DE",""
"SWAE","M","01/04/1996","07/09/2007","Western Power Distribution - South Wales","Avonbank","Feeder Road","Bristol","","","","","","BS2 0TB",""
"SWAE","P","01/04/1996","","Western Power Distribution - South Wales","Elliott Road","Prince Rock","Plymouth","","","","","","PL4 0SD",""
"SWAE","R","01/04/1996","","Western Power Distribution - South Wales","Lostwithiel Road","Bodmin","Cornwall","","","","","","PL31 1DE","21"
"SWAE","V","09/11/1998","","Newport Road","St Mellons","CARDIFF","","","","","","","CF3 9XW",""
"SWAE","W","09/11/1998","","Western Power Distribution - South Wales","Avonbank","Feeder Road","Bristol","","","","","","BS2 0TB",""
"SWAE","X","01/04/1996","","Newport Road","St Mellons","CARDIFF","","","","","","","CF3 9XW",""
"SWEB","3","01/10/1998","","Western Power Distribution","Sowton Office","Osprey Road","Exeter","Devon","","","","","EX2 7WP",""
"SWEB","4","01/10/1998","","Western Power Distribution","Sowton Office","Osprey Road","Exeter","Devon","","","","","EX2 7WP",""
"SWEB","8","17/04/2003","09/11/2007","Western Power Distribution ( South West)","Avonbank","Feeder Road","Bristol","","","","","","BS2 0TB",""
"SWEB","B","01/04/1996","","EDF Energy Customer Field Services","255 Broadway","Bexleyheath","Kent","","","","","","DA6 8ET",""
"SWEB","D","01/04/1996","","EDF Energy Customer Field Services","255 Broadway","Bexleyheath","Kent","","","","","","DA6 8ET",""
"SWEB","J","27/11/1998","","Western Power Distribution","Lostwithiel Road","Bodmin","Cornwall","","","","","","PL31 1DE",""
"SWEB","M","01/04/1996","","Western Power Distribution","Avonbank","Feeder Road","Bristol","","","","","","BS2 0TB",""
"SWEB","P","01/04/1996","","Western Power Distribution","Elliott Road","Prince Rock","Plymouth","Devon","","","","","PL4 0SD",""
"SWEB","R","01/04/1996","","Western Power Distribution","Lostwithiel Road","Bodmin","Cornwall","","","","","","PL31 1DE","22"
"SWEB","V","27/11/1998","","Gadeon House","Grenadier Road","Exeter Business Park","Exeter","Devon","","","","","EX1 3UT",""
"SWEB","W","27/11/1998","","Gadeon House","Grenadier Road","Exeter Business Park","Exeter","Devon","","","","","EX1 3UT",""
"SWEB","X","01/04/1996","","EDF Energy","40 Grosvenor Place","Victoria","London","","","","","","SW1X 7EN",""
"TEAM","X","20/02/2004","","The Team Group of Companies UK Limited","2 Hyde House","Victoria Avenue","Harrogate","","","","","","HG1 2JL",""
"TGPL","X","20/10/2000","","33 Cavendish Square","London","","","","","","","","W1G 0PW",""
"TREX","X","07/12/2007","","Power4All Limited","26 West Cote Drive","Thackley","Bradford","West Yorks","","","","","BD10 8WS",""
"UDMS","A","05/04/2007","","UDMS","Room 40","Haypark Business Centre","Marchmont Avenue","Polmont","Falkirk","","","","FK2 0NZ",""
"UDMS","B","01/09/2006","","UDMS","Room 40","Haypark Business Centre","Marchmont Avenue","Polmont","Falkirk","","","","FK2 0NZ",""
"UDMS","C","05/04/2007","","UDMS","Room 40","Haypark Business Centre","Marchmont Avenue","Polmont","Falkirk","","","","FK2 0NZ",""
"UESL","6","10/02/2006","","Harston Mills Campus","Harston","Cambridge","","","","","","","CB2 5GG",""
"UESL","8","19/09/2003","","17 High Street","Saffron Waldron","Essex","","","","","","","CB10 1AT",""
"UKDC","6","01/09/2006","","Scorpio","Rockingham Drive","Linford Wood","Milton Keynes","","","","","","MK14 6LY",""
"UKDC","8","01/08/2003","","IMServ Europe Ltd","Scorpio","Rockingham Drive","Linford Wood","Milton Keynes","Bucks","","","","MK14 6LY",""
"UKDC","A","01/04/1996","","Scorpio","Rockingham Drive","Linford Wood","Milton Keynes","Buckinghamshire","","","","","MK14 6LY",""
"UKDC","B","01/05/2005","","IMServ Europe Ltd","Scorpio","Rockingham Drive","Linford Wood","Milton Keynes","","","","","MK14 6LY",""
"UKDC","C","01/04/1996","","Scorpio","Rockingham Drive","Linford Wood","Milton Keynes","Buckinghamshire","","","","","MK14 6LY",""
"UKDC","D","01/05/2005","","IMServ Europe Ltd","Scorpio","Rockingham Drive","Linford Wood","Milton Keynes","","","","","MK14 6LY",""
"UKDC","F","01/04/1996","","Scorpio","Rockingham Drive","Linford Wood","Milton Keynes","Buckinghamshire","","","","","MK14 6LY",""
"UKDC","K","05/06/2004","","IMServ Europe Ltd","Scorpio","Rockingham Drive","Linford Wood","Milton Keynes","Bucks","","","","MK14 6LY",""
"UKDC","M","01/05/2005","","IMServ Europe Ltd","Scorpio","Rockingham Drive","Linford Wood","Milton Keynes","","","","","MK14 6LY",""
"UKDC","S","01/04/1996","","Scorpio","Rockingham Drive","Linford Wood","Milton Keynes","Buckinghamshire","","","","","MK14 6LY",""
"UKEP","X","20/08/1999","10/12/2004","The Havens","Ransomes Europark","Ipswich","SUFFOLK","","","","","","IP3 9SJ",""
"UMOL","6","06/10/2006","","PRI House","Moorside Road","Winchester","","","","","","","SO23 7RX",""
"UMOL","8","17/11/2006","","PRI House","Moorside Road","Winchester","","","","","","","SO23 7RX",""
"UMOL","M","05/04/2007","","Utilita Meter Operations Ltd","PRI House","Moorside Road","Winchester","","","","","","SO23 7RX",""
"UMOL","V","06/10/2006","","PRI House","Moorside Road","Winchester","","","","","","","SO23 7RX",""
"UPLD","6","12/10/2007","","Utility Partnership Ltd","Prennau House","Copse Walk","Cardiff Gate Business Park","Cardiff","","","","","CF23 8XH",""
"UPLD","B","11/03/2008","","Prennau House","Copse Walk","Cardiff Gate Business Park","Cardiff","","","","","","CF23 8XH",""
"UPLD","D","11/03/2008","","Prennau House","Copse Walk","Cardiff Gate Business Park","Cardiff","","","","","","CF23 8XH",""
"UTLX","Z","25/05/2001","","9A Margaret Street","London","","","","","","","","W1W 8RJ",""
"UUMO","8","13/07/2007","","United Utilities","13th Floor","Oakland House","Talbot Road","Manchester","","","","","M16 0HQ",""
"UUNL","8","23/05/2003","","Oakland House","Talbot Road","Manchester","","","","","","","M16 0HQ",""
"UUNL","M","17/04/2003","","Oakland House","Talbot Road","Manchester","","","","","","","M16 0HQ",""
"WBUR","Y","10/11/2000","","Wherstead Business Park","Wherstead","Ipswich","Suffolk","","","","","","IP9 2AQ",""
"WGAS","X","17/12/1999","19/01/2007","33 Grosvenor Place","London","","","","","","","","SW1X 7HY",""
"WPDR","6","20/06/2003","25/07/2003","Avonbank","Feeder Road","Bristol","","","","","","","BS2 0TB",""
"WPRM","8","19/03/2004","","Western Power Distribution","Avonbank","Feeder Road","Bristol","","","","","","BS2 0TB",""
"WPSW","8","17/04/2003","","Western Power Distribution (South West)","Avonbank","Feeder Road","Bristol","","","","","","BS2 0TB",""
"WPWA","8","17/04/2003","","Western Power Distribution (South Wales)","Avonbank","Feeder Road","Bristol","","","","","","BS2 0TB",""
"WREL","X","09/06/1999","","16 Avon Reach","Chippenham","Wiltshire","","","","","","","SN1 51EE",""
"WREL","Y","04/06/2004","","16 Avon Reach","Monkton Hill","Chippenham","","","","","","","SN15 1EE",""
"YBGA","X","01/04/1996","01/04/1999","1 Atlantic Quay","GLASGOW","","","","","","","","G2 8SP",""
"YEEL","X","01/04/1996","01/04/1999","1 Atlantic Quay","GLASGOW","","","","","","","","G2 8SP",""
"YELG","3","24/03/2006","","YORKSHIRE ELECTRICITY DISTRIBUTION PLC","LLOYDS COURT","78","GREY STREET","NEWCASTLE UPON TYNE","","","","","NE1 6AF",""
"YELG","6","19/12/2003","","Npower Yorkshire Ltd","Energy Services","Wetherby Road","Scarcroft","Leeds","West Yorkshire","","","","LS14 3HS",""
"YELG","8","17/04/2003","","Yorkshire Electricity Distribution PLC","Lloyds Court","78 Grey Street","Newcastle-upon-Tyne","","","","","","NE1 6AF",""
"YELG","B","01/04/1996","","Wetherby Road","Scarcroft","LEEDS","","","","","","","LS14 3HS",""
"YELG","D","01/04/1996","","Wetherby Road","Scarcroft","LEEDS","","","","","","","LS14 3HS",""
"YELG","J","01/04/1996","","Yorkshire Electricity Distribution PLC","Lloyds Court","78 Grey Street","Newcastle-upon-Tyne","","","","","","NE1 6AF",""
"YELG","M","01/04/1996","","Yorkshire Electricity Distribution PLC","Lloyds Court","78 Grey Street","Newcastle-upon-Tyne","","","","","","NE1 6AF",""
"YELG","P","01/04/1996","","Yorkshire Electricity Distribution PLC","Lloyds Court","78 Grey Street","Newcastle-upon-Tyne","","","","","","NE1 6AF",""
"YELG","R","01/04/1996","","Yorkshire Electricity Distribution PLC","Lloyds Court","78 Grey Street","Newcastle-upon-Tyne","","","","","","NE1 6AF","23"
"YELG","V","01/04/1996","","Wetherby Road","Scarcroft","LEEDS","","","","","","","LS14 3HS",""
"YELG","W","01/04/1996","","Wetherby Road","Scarcroft","LEEDS","","","","","","","LS14 3HS",""
"YELG","X","01/04/1996","","NPOWER YORKSHIRE SUPPLY LTD","TRIGONOS","WINDMILL HILL BUSINESS PARK","WHITEHILL WAY","SWINDON","WILTSHIRE","","","","SN5 6PB",""
"YEME","X","01/04/1996","01/04/1999","1 Atlantic Quay","GLASGOW","","","","","","","","G2 8SP",""
"YHYD","X","01/04/1996","01/04/1999","1 Atlantic Quay","GLASGOW","","","","","","","","G2 8SP",""
"YIND","X","01/04/1996","01/04/1999","1 Atlantic Quay","GLASGOW","","","","","","","","G2 8SP",""
"YLON","X","01/04/1996","01/04/1999","1 Atlantic Quay","GLASGOW","","","","","","","","G2 8SP",""
"YMID","X","01/04/1996","01/04/1999","1 Atlantic Quay","GLASGOW","","","","","","","","G2 8SP",""
"YNAT","X","01/04/1996","01/04/1999","1 Atlantic Quay","GLASGOW","","","","","","","","G2 8SP",""
"YNEE","X","01/04/1996","01/04/1999","1 Atlantic Quay","GLASGOW","","","","","","","","G2 8SP",""
"YNEL","X","01/04/1996","01/04/1999","1 Atlantic Quay","GLASGOW","","","","","","","","G2 8SP",""
"YNOR","X","01/04/1996","01/04/1999","1 Atlantic Quay","GLASGOW","","","","","","","","G2 8SP",""
"YNUC","X","01/04/1996","01/04/1999","1 Atlantic Quay","GLASGOW","","","","","","","","G2 8SP",""
"YPGE","X","01/04/1996","01/04/1999","1 Atlantic Quay","GLASGOW","","","","","","","","G2 8SP",""
"YSEE","X","01/04/1996","01/04/1999","1 Atlantic Quay","GLASGOW","","","","","","","","G2 8SP",""
"YSOU","X","01/04/1996","01/04/1999","1 Atlantic Quay","GLASGOW","","","","","","","","G2 8SP",""
"YSPO","X","01/04/1996","01/04/1999","1 Atlantic Quay","GLASGOW","","","","","","","","G2 8SP",""
"YSWA","X","01/04/1996","01/04/1999","1 Atlantic Quay","GLASGOW","","","","","","","","G2 8SP",""
"YSWE","X","01/04/1996","01/04/1999","1 Atlantic Quay","GLASGOW","","","","","","","","G2 8SP",""
"YYEL","X","01/04/1996","01/04/1999","1 Atlantic Quay","GLASGOW","","","","","","","","G2 8SP",""
"ZEEL","X","01/04/1996","01/04/1999","Inveralmond House","200 Dunkeld Road","Perth","","","","","","","PH1 3AQ",""
"ZEME","X","01/04/1996","01/04/1999","Inveralmond House","200 Dunkeld Road","Perth","","","","","","","PH1 3AQ",""
"ZHYD","X","01/04/1996","01/04/1999","Inveralmond House","200 Dunkeld Road","Perth","","","","","","","PH1 3AQ",""
"ZIND","X","01/04/1996","01/04/1999","Inveralmond House","200 Dunkeld Road","Perth","","","","","","","PH1 3AQ",""
"ZLON","X","01/04/1996","01/04/1999","Inveralmond House","200 Dunkeld Road","Perth","","","","","","","PH1 3AQ",""
"ZMID","X","01/04/1996","01/04/1999","Inveralmond House","200 Dunkeld Road","Perth","","","","","","","PH1 3AQ",""
"ZNAT","X","01/04/1996","01/04/1999","Inveralmond House","200 Dunkeld Road","Perth","","","","","","","PH1 3AQ",""
"ZNEE","X","01/04/1996","01/04/1999","Inveralmond House","200 Dunkeld Road","Perth","","","","","","","PH1 3AQ",""
"ZNOR","X","01/04/1996","01/04/1999","Inveralmond House","200 Dunkeld Road","Perth","","","","","","","PH1 3AQ",""
"ZPGE","X","01/04/1996","01/04/1999","Inveralmond House","200 Dunkeld Road","Perth","","","","","","","PH1 3AQ",""
"ZSEE","X","01/04/1996","01/04/1999","Inveralmond House","200 Dunkeld Road","Perth","","","","","","","PH1 3AQ",""
"ZSOU","X","09/11/1998","01/04/1999","Inveralmond  House","200 Dunkeld Road","Perth","","","","","","","PH1 3AQ",""
"ZSPO","X","01/04/1996","01/04/1999","Inveralmond House","200 Dunkeld Road","Perth","","","","","","","PH1 3AQ",""
"ZSWA","X","01/04/1996","01/04/1999","Inveralmond House","200 Dunkeld Road","Perth","","","","","","","PH1 3AQ",""
"ZTAR","A","07/07/2000","","Scorpio","Rockingham Drive","Linford Wood","MILTON KEYNES","Buckinghamshire","","","","","MK14 6LY",""
"ZYEL","X","01/04/1996","01/04/1999","Inveralmond House","200 Dunkeld Road","Perth","","","","","","","PH1 3AQ",""
"ZZAA","B","01/04/1996","","Dummy NHHDA for Eastern","","","","","","","","","Dummy",""
"ZZAB","B","01/04/1996","","Dummy NHHDA for East Midlands","","","","","","","","","Dummy",""
"ZZAC","B","01/04/1996","","Dummy NHHDA for London","","","","","","","","","Dummy",""
"ZZAD","B","01/04/1996","","Dummy NHHDA for Manweb","","","","","","","","","Dummy",""
"ZZAE","B","01/04/1996","","Dummy NHHDA for Midlands","","","","","","","","","Dummy",""
"ZZAF","B","01/04/1996","","Dummy NHHDA for Northern","","","","","","","","","Dummy",""
"ZZAG","B","01/04/1996","","Dummy NHHDA for Norweb","","","","","","","","","Dummy",""
"ZZAH","B","01/04/1996","","Dummy NHHDA for Southern","","","","","","","","","Dummy",""
"ZZAJ","B","01/04/1996","","Dummy NHHDA for Seeboard","","","","","","","","","Dummy",""
"ZZAK","B","01/04/1996","","Dummy NHHDA for SWALEC","","","","","","","","","Dummy",""
"ZZAL","B","01/04/1996","","Dummy NHHDA for SWEB","","","","","","","","","Dummy",""
"ZZAM","B","01/04/1996","","Dummy NHHDA for Yorkshire","","","","","","","","","Dummy",""
"ACCU","6","19/12/2003","","AccuRead Limited","Stephenson House","Northumbrian Way","Newcastle upon Tyne","Tyne and Wear","","","","","NE12 6EA",""
"ACCU","8","12/10/2007","","AccuRead Limited","Security House","Alexandra Way","Ashchurch","Tewkesbury","Gloucestershire","","","","GL20 8NB",""
"ACCU","B","29/10/1999","","AccuRead Limited","Stephenson House","Northumbrian Way","Newcastle upon Tyne","Tyne and Wear","","","","","NE12 6EA",""
"ACCU","D","29/10/1999","","AccuRead Limited","Stephenson House","Northumbrian Way","Newcastle upon Tyne","Tyne and Wear","","","","","NE12 6EA",""
"ACCU","M","12/10/2007","","AccuRead Limited","Security House","Alexandra Way","Ashchurch","Tewkesbury","Gloucestershire","","","","GL20 8NB",""
"ACTA","V","20/02/2004","","Actaris UK Limited","Langer Road","Felixstowe","Suffolk","England","","","","","IP11 2ER",""
"AEPD","X","03/05/2000","31/07/2003","11 Fenlock Court","Blenheim Office Park","Long Hanborough","Witney","Oxfordshire","","","","","OX29 8LN",""
"AFPL","Y","05/06/2000","","West Nash","Newport","Gwent","","","","","","","NP6 2BZ",""
"AGSS","X","17/12/1999","19/01/2007","33 Grosvenor Place","London","","","","","","","","SW1X 7HY",""
"AHEL","X","17/12/1999","09/02/2007","33 Grosvenor Place","London","","","","","","","","SW1X 7HY",""
"AHGL","X","17/12/1999","17/11/2006","33 Grosvenor Place","London","","","","","","","","SW1X 7HY",""
"AMGD","X","17/12/1999","09/02/2007","33 Grosvenor Place","London","","","","","","","","SW1X 7HY",""
"AMMR","8","09/11/2007","","Orsis UK (Ltd)","Unit 33","Evans Business Centre","Hartwith Way","Harrogate","","","","","HG3 2XA",""
"ANRG","X","05/11/2004","10/08/2007","Oxford Centre for Innovation","Mill Street","Oxford","","","","","","","OX2 0JX",""
"AQES","X","03/05/2000","24/01/2003","21 Tothill St.","London","","","","","","","","SW1H 9LL",""
"BERM","X","03/05/2000","23/05/2003","Barnett Way","Barnwood","Gloucester","","","","","","","GL4 3RS",""
"BGAS","X","01/04/1996","","Millstream","Maidenhead Road","Windsor","Berkshire","","","","","","SL4 5GD",""
"BIZZ","X","07/07/2000","","BizzEnergy Building","Berkeley Business Park","Wainwright Road","Worcester","","","","","","WR4 9FA",""
"BMET","6","19/12/2003","","BGlobal Metering Limited","Arkwright House","Arkwright Court","Commercial Rd","Darwen","Lancashire","","","","BB3 0FG",""
"BMET","8","19/12/2003","","BGlobal Metering Limited","Arkwright House","Arkwright Court","Commercial Rd","Darwen","Lancashire","","","","BB3 0FG",""
"BMET","B","19/12/2003","","BGlobal Metering Limited","Arkwright House","Arkwright Court","Commercial Rd","Darwen","Lancashire","","","","BB3 0FG",""
"BMET","D","19/12/2003","","BGlobal Metering Limited","Arkwright House","Arkwright Court","Commercial Rd","Darwen","Lancashire","","","","BB3 0FG",""
"BMET","M","01/07/2006","","BGlobal Metering Limited","Arkwright House","Arkwright Court","Commercial Rd","Darwen","Lancashire","","","","BB3 0FG",""
"BNRG","X","05/11/2004","","Oxford Centre for Innovation","Mill Street","Oxford","","","","","","","OX2 0JX",""
"BORL","Y","28/03/2000","","Windmill Hill Business Park","Whitehill Way","Swindon","Wiltshire","","","","","","SN5 6PB",""
"CALB","Z","01/04/1996","","1 Embankment Place","London","","","","","","","","WC2N 6NN",""
"CAML","8","25/03/2005","","Ocean Park House","East Tyndall Street","Cardiff","","","","","","","CF24 5GT",""
"CAML","M","25/03/2005","","Ocean Park House","East Tyndall Street","Cardiff","","","","","","","CF24 5GT",""
"CAND","X","01/04/1996","20/08/1999","Welton Gathering Centre","Barfield Lane","OFF Wragby Road","Sudbrooke","LINCOLN","","","","","LN2 2QU",""
"CAPG","G","01/04/1996","","Cap Gemini House","Church Street West","Woking","","","","","","","GU21 1HS",""
"CAPG","U","01/04/1996","","Cap Gemini House","Church Street West","Woking","","","","","","","GU21 1HS",""
"CDSL","M","01/04/1996","07/12/2007","PO BOX 56","101 Mill Lane","Newbury","Berks","","","","","","RG12 1HE",""
"CECO","Y","11/08/2000","","C/o InterGen (UK) Ltd","81 George Street","Edinburgh","","","","","","","EH2 3ES",""
"CESL","X","19/11/1999","29/04/2005","Manor Court","St Margarets Street","Ipswich","","","","","","","IP4 2AT",""
"CGEN","X","01/04/1996","","47 - 53 Charter House Street","London","","","","","","","","EC1M 6HA",""
"CGTL","X","28/03/2000","29/04/2005","Cinergy House","Ryon Hill Park","Warwick Road","Stratford-Upon-Avon","Warwickshire","","","","","CV37 0UU",""
"CGUK","Y","05/06/2000","29/04/2005","Cinergy House","Ryon Hill Park","Warwick Road","Stratford Upon Avon","Warwickshire","","","","","CV37 OUU",""
"CNRG","X","05/11/2004","","Oxford Centre for Innovation","Mill Street","Oxford","","","","","","","OX2 0JX",""
"CROW","X","01/01/2007","","PRI House","Moorside Road","Winchester","","","","","","","SO23 7RX",""
"CUST","8","14/03/2003","","Dummy ID for Customers","See metering point address for details","","","","","","","","Dummy",""
"DAMC","Y","28/03/2000","","c/o Entergy Power Group","2 George Yard","Lombard Street","LONDON","","","","","","EC3V 9DH",""
"DASL","A","01/04/1996","","Datum Solutions Ltd","165 Loughborough Road","Ruddington","Nottingham","","","","","","NG11 6LQ",""
"DASL","C","01/04/1996","","Datum Solutions Ltd","165 Loughborough Road","Ruddington","Nottingham","","","","","","NG11 6LQ",""
"DASL","M","01/04/1996","","Datum Solutions Ltd","165 Loughborough Road","Ruddington","Nottingham","","","","","","NG11 6LQ",""
"DDCL","C","01/04/1996","07/12/2007","Chancery House","St. Nicholas Way","Sutton","Surrey","","","","","","SM1 1JB",""
"DDCL","D","01/04/1996","07/12/2007","Chancery House","St. Nicholas Way","Sutton","Surrey","","","","","","SM1 1JB",""
"DEES","Y","03/05/2000","","Windmill Hill Business Park","Whitehill Way","SWINDON","Wiltshire","","","","","","SN5 6PB",""
"DRAK","Y","10/11/2000","09/03/2007","Wherstead Business Park","Wherstead","Ipswich","Suffolk","","","","","","IP9 2AQ",""
"DRAX","Y","20/08/1999","","Windmill Hill Business Park","Whitehill Way","Swindon","Wiltshire","","","","","","SN5 6PB",""
"EASL","I","01/04/1996","","30 Millbank","London","","","","","","","","SW1P 4RD",""
"EASL","K","01/04/1996","04/06/2004","30 Millbank","London","","","","","","","","SW1P 4RD",""
"ECOA","X","04/03/2005","","3 Radian Court","Knowlhill","Milton Keynes","","","","","","","MK5 8PJ",""
"ECOB","X","04/03/2005","","3 Radian Court","Knowlhill","Milton Keynes","","","","","","","MK5 8PJ",""
"ECOE","L","10/02/2006","","C&C Group Holdings Ltd","Bourne House","475 Godstone Road","Whyteleafe","Surrey","","","","","CR3 0BL",""
"ECON","X","21/01/2000","","Trafford Plaza","Seymour Grove","Old Trafford","Manchester","","","","","","M16 0LD",""
"ECOT","X","13/09/2002","","Renewable Energy Company Ltd","Axiom House","Station Road","Stroud","Gloucestershire","","","","","GL5 3AP",""
"ECSM","8","17/04/2003","","54 Bengeworth Road","London","","","","","","","","SE5 9AJ",""
"EDFE","8","28/06/2008","","EDF Energy Customer Field Service","255 Broadway","Bexleyheath","Kent","","","","","","DA6 8ET",""
"EDIR","X","01/04/1996","","1 Livingston Rd","Hove","East Sussex","","","","","","","BN3 3RS",""
"EELC","3","01/04/1996","","EDF Energy Networks","Atlantic House","Henson Road","Three Bridges","Crawley","West Sussex","","","","RH10 1QQ",""
"EELC","4","01/04/1996","","Wherstead Park","PO Box 40","Wherstead","IPSWICH","","","","","","IP9 2AQ",""
"EELC","6","30/04/2004","","Eastern Electricity","Wherstead Park","PO Box 40","Wherstead","Ipswich","","","","","IP9 2AQ",""
"EELC","8","17/04/2003","","EDF Energy Networks","Atlantic House","Henson Road","Three Bridges","Crawley","West Sussex","","","","RH10 1QQ",""
"EELC","B","01/04/1996","","Wherstead Park","PO Box 40","Wherstead","IPSWICH","","","","","","IP9 2AQ",""
"EELC","D","01/04/1996","","Wherstead Park","PO Box 40","Wherstead","IPSWICH","","","","","","IP9 2AQ",""
"EELC","J","01/04/1996","","EDF Energy Network (EPN) plc","Atlantic House","Henson Road","Three Bridges","Crawley","West Sussex","","","","RH10 1QQ",""
"EELC","M","01/04/1996","","EDF Energy Networks","Atlantic House","Henson Road","Three Bridges","Crawley","West Sussex","","","","RH10 1QQ",""
"EELC","P","01/04/1996","","EDF Energy Network (EPN) plc","Atlantic House","Henson Road","Three Bridges","Crawley","West Sussex","","","","RH10 1QQ",""
"EELC","R","01/04/1996","","EDF Energy Network (EPN) plc","Atlantic House","Henson Road","Three Bridges","Crawley","West Sussex","","","","RH10 1QQ","10"
"EELC","V","01/04/1996","","Wherstead Park","PO Box 40","Wherstead","IPSWICH","","","","","","IP9 2AQ",""
"EELC","W","01/04/1996","","Wherstead Park","PO Box 40","Wherstead","IPSWICH","","","","","","IP9 2AQ",""
"EELC","X","01/04/1996","","Wherstead Park","PO Box 40","Wherstead","IPSWICH","","","","","","IP9 2AQ",""
"EENG","X","17/08/1998","","Peterborough Business Park","Lynchwood","Peterborough","","","","","","","PE2 6FP",""
"EFPL","Y","20/08/1999","","Landsdowne House","Berkeley Square","London","","","","","","","W1X 5DH",""
"ELED","X","22/11/2002","01/09/2006","Eledor Limited","Richmond House","Richmond Hill","BOURNEMOUTH","","","","","","BH1 1RQ",""
"EMEB","3","09/11/1998","","Unmetered Supplies Officer","East Midlands Electricity","Pegasus Business Park","Herald Way","Castle Donnington","Derbyshire","","","","DE74 2TU",""
"EMEB","4","09/11/1998","","Metering Central Office","Woodyard Lane","Off Lambourne Drive","Wollaton","Nottingham","","","","","NG8 1EZ",""
"EMEB","6","30/04/2004","","Siemens Energy Services Ltd","Woodyard Lane","Off Lambourne Drive","Wollaton","Nottingham","","","","","NG8 1GB",""
"EMEB","8","29/05/2003","","E.ON UK Energy Services Limited","Westwood Way","Westwood Business Park","Coventry","","","","","","CV4 8LG",""
"EMEB","B","01/04/1996","","E.ON UK Energy Services Limited","Westwood Way","Westwood Business Park","Coventry","","","","","","CV4 8LG",""
"EMEB","D","01/04/1996","","E.ON UK Energy Services Limited","Westwood Way","Westwood Business Park","Coventry","","","","","","CV4 8LG",""
"EMEB","J","09/11/1998","","SFIC Management","East Midlands Electricity plc","Woolsthorpe Close","Wigman Road","Bilborough","Nottingham","","","","NG8 3JP",""
"EMEB","M","01/04/1996","","E.ON UK Energy Services Limited","Westwood Way","Westwood Business Park","Coventry","","","","","","CV4 8LG",""
"EMEB","P","01/04/1996","","PES Registration Agent","East Midlands Electricity","Pegasus Business Park","Herald Way","Castle Donnington","Derbyshire","","","","DE74 2TU",""
"EMEB","R","01/04/1996","","Central Networks East Plc","Pegasus Business Park","Herald Way","Castle Donnington","Derbyshire","","","","","DE74 2TU","11"
"EMEB","V","09/03/1999","","Powergen Energy plc","P O Box 123","Nottingham","","","","","","","NG1 6HD",""
"EMEB","W","09/11/1998","","Revenue Protection Service","East Midlands Electricity plc","Woolsthorpe Close","Wigman Road","Bilborough","Nottingham","","","","NG8 3JP",""
"EMEB","X","01/04/1996","","Supply Business","Powergen Energy plc","Phoenix Centre","Colliers Way","Nutall","Nottingham","","","","NG8 6AT",""
"EMGE","Y","07/07/2000","","Wherstead park","P O Box 40","Wherstead","Ipswich","","","","","","IP9 2AQ",""
"ENDC","X","10/12/2004","","Energy Data Company Limited","Hurst House","131-133 New London Road","Chelmsford","Essex","","","","","CM2 0QT",""
"ENGY","6","09/03/2007","","Energy Assets Ltd","Stadium House","Alderstone Road","Livingston","West Lothian","","","","","EH54 7DN",""
"ENRD","X","01/04/1996","","Regulation Manager","Enron Direct","1600 Parkway Court","Oxford Business Park South","Garsington Road","Oxford","","","","OX4 2JY",""
"ENRO","X","01/04/1996","16/03/2001","4 Millbank","London","","","","","","","","SW1P 3ET",""
"EPFA","F","01/04/1996","","The National Grid Company Building","185 Park Street","London","","","","","","","SE1 9DY",""
"EPHH","X","09/08/2002","","Trafford Plaza","Seymour Grove","Old Trafford","Manchester","","","","","","M16 0LD",""
"ESCL","X","01/04/1996","20/08/1999","The Havens","Ransomes Europark","Ipswich","SUFFOLK","","","","","","IP3 9SJ",""
"ESIS","S","01/04/1996","","Fairham House","Green Lane","Clifton","Nottingham","","","","","","NG11 9LN",""
"ESML","8","01/07/2006","","Westwood Way","Westwood Business Park","Coventry","","","","","","","CV4 8LG",""
"ESML","M","28/07/2006","","Eon UK Energy Services Ltd","Westwood Way","Westwood Business Park","Coventry","","","","","","CV4 8LG",""
"ESPO","X","17/10/2003","05/11/2004","36 Park Road","Southampton","","","","","","","","SO15 3BB",""
"ETCL","3","05/02/2008","","Energy House","Woolpit Business Park","Woolpit","Bury St Edmunds","","","","","","IP30 9UP",""
"ETCL","8","26/05/2006","","Energy House","Woolpit Business Park","Woolpit","Bury St Edmunds","Suffolk","","","","","IP30 9UP",""
"ETCL","J","26/05/2006","","Energy House","Woolpit Business Park","Woolpit","Bury St Edmunds","Suffolk","","","","","IP30 9UP",""
"ETCL","M","26/05/2006","","Energy House","Woolpit Business Park","Woolpit","Bury St Edmunds","Suffolk","","","","","IP30 9UP",""
"ETCL","P","26/05/2006","","Energy House","Woolpit Business Park","Woolpit","Bury St Edmunds","Suffolk","","","","","IP30 9UP",""
"ETCL","R","26/05/2006","","The Electricity Network Company Ltd","Energy House","Woolpit Business Park","Woolpit","Bury St Edmunds","Suffolk","","","","IP30 9UP","27"
"ETOL","Y","20/08/1999","","Wilton","P O Box 54","Middleborough","Cleveland","","","","","","TS90 8JA",""
"FORT","X","03/05/2000","09/03/2007","101, Wigmore Street,","London,","","","","","","","","W1H 9AB",""
"FOUR","X","07/12/2007","","Energy 4 Sale Limited","c/o Gilmond Consulting","Richmond House","Richmond Hill","Bournemouth","","","","","BH2 6EQ",""
"FRST","X","01/12/2005","","19 South Audley Street","London","","","","","","","","W1K 2NU",""
"FUAP","8","06/10/2006","","19 South Audley Street","London","","","","","","","","W1K 2NU",""
"GCHP","Y","03/05/2000","","GUS Building","PO Box 30","Bo'Ness Road","Grangemouth","","","","","","FK3 9XQ",""
"GETW","X","04/06/2004","","215 Crowthorne Enterprise Centre","Old Wokingham Road","Crowthorne","Berkshire","","","","","","RG45 6AW",""
"GLAC","X","16/02/2001","11/01/2008","The Gas Light & Coke Company","Queensway House","207 - 209 Queensway","Bletchley","Milton Keynes","","","","","MK2 2ED",""
"GREN","X","11/08/2000","24/03/2006","42 Barnfield Place","London","","","","","","","","E14 9YA",""
"GUCL","3","22/12/2006","","Energetics Electricity Ltd","International House","Stanley Boulevard","Hamilton International Technology Park","Glasgow","","","","","G72 0BN",""
"GUCL","P","03/06/2005","","Energetics Electricity Ltd","International House","Stanley Boulevard","Hamilton International Technology Park","Glasgow","","","","","G72 0BN",""
"GUCL","R","03/06/2005","","Energetics Electricity Ltd","International House","Stanley Boulevard","Hamilton International Technology Park","Glasgow","","","","","G72 0BN","26"
"GYPL","Y","11/08/2000","","Ventureforth House","South Denes Road","Great Yarmouth","Norfolk","","","","","","NR30 3PT",""
"HAVE","X","01/12/2006","","Haven Power Limited","Nidera House","The Havens Ransomes Europark","Ipswich","","","","","","IP3 9SJ",""
"HELE","X","04/09/1998","23/05/2003","Inveralmond House","200 Dunkeld Road","Perth","","","","","","","PH1 3AQ",""
"HMAR","Y","10/11/2000","09/03/2007","Wherstead Business Park","Wherstead","Ipswich","Suffolk","","","","","","IP9 2AQ",""
"HYDE","3","01/10/1997","","Inveralmond House","200 Dunkeld Road","Perth","","","","","","","PH1 3AQ",""
"HYDE","8","17/04/2003","","Inveralmond House","200 Dunkeld Road","Perth","","","","","","","PH1 3AQ",""
"HYDE","A","01/04/1996","","Inveralmond House","200 Dunkeld Road","Perth","","","","","","","PH1 3AQ",""
"HYDE","B","01/04/1996","","Inveralmond House","200 Dunkeld Road","Perth","","","","","","","PH1 3AQ",""
"HYDE","C","01/04/1996","","Inveralmond House","200 Dunkeld Road","Perth","","","","","","","PH1 3AQ",""
"HYDE","D","01/04/1996","","Inveralmond House","200 Dunkeld Road","Perth","","","","","","","PH1 3AQ",""
"HYDE","E","01/10/1997","","Inveralmond House","200 Dunkeld Road","Perth","","","","","","","PH1 3AQ",""
"HYDE","I","01/10/1997","","Inveralmond House","200 Dunkeld Road","Perth","","","","","","","PH1 3AQ",""
"HYDE","J","01/10/1997","","Inveralmond House","200 Dunkeld Road","Perth","","","","","","","PH1 3AQ",""
"HYDE","M","01/04/1996","","Inveralmond House","200 Dunkeld Road","Perth","","","","","","","PH1 3AQ",""
"HYDE","N","01/10/1997","","Inveralmond House","200 Dunkeld Road","Perth","","","","","","","PH1 3AQ",""
"HYDE","O","01/10/1997","","Inveralmond House","200 Dunkeld Road","Perth","","","","","","","PH1 3AQ",""
"HYDE","P","01/04/1996","","Inveralmond House","200 Dunkeld Road","Perth","","","","","","","PH1 3AQ",""
"HYDE","Q","01/10/1997","","Inveralmond House","200 Dunkeld Road","Perth","","","","","","","PH1 3AQ",""
"HYDE","R","01/04/1996","","Scottish Hydro-Electric Distribution Ltd","Inveralmond House","200 Dunkeld Road","Perth","","","","","","PH1 3AQ","17"
"HYDE","T","01/10/1997","","Inveralmond House","200 Dunkeld Road","Perth","","","","","","","PH1 3AQ",""
"HYDE","V","01/10/1997","","Grampian House","200 Dunkeld Road","Perth","","","","","","","PH1 3GH",""
"HYDE","W","01/10/1997","","Emmock Road","Claverhouse Industrial Estate","Dundee","","","","","","","DD4 9BZ",""
"HYDE","X","01/04/1996","","Grampian House","200 Dunkeld Road","Perth","","","","","","","PH1 3GH",""
"HYDE","Y","01/04/1996","","Inveralmond House","200 Dunkeld Road","Perth","","","","","","","PH1 3AQ",""
"ICPL","Y","20/08/1999","","The Heath","P O Box 14","Runcorn","Cheshire","","","","","","WA7 4QG",""
"IMPH","X","07/07/2000","12/01/2001","5th Floor","30 Marsh Wall","London","","","","","","","E14 9TP",""
"IMPO","X","01/09/1998","","Southgate House","Southgate Street","Gloucester","","","","","","","GL1 1UW",""
"IMPX","X","01/04/1996","","PO BOX 90","Wilton Centre","Middlesbrough","CLEVELAND","","","","","","TS90 8JE",""
"INDE","X","01/04/1996","","NPOWER DIRECT LTD NHH","TRIGONOS","WINDMILL HILL BUSINESS PARK","WHITEHILL WAY","SWINDON","WILTSHIRE","","","","SN5 6PB",""
"INDX","X","09/03/1999","01/09/2006","NPOWER DIRECT LTD HH","TRIGONOS","WINDMILL HILL BUSINESS PARK","WHITEHILL WAY","SWINDON","WILTSHIRE","","","","SN5 6PB",""
"IPNL","3","01/08/2004","","Ocean Park House","East Tyndall Street","Cardiff","","","","","","","CF24 5GT",""
"IPNL","J","01/08/2004","","Ocean Park House","East Tyndall Street","Cardiff","","","","","","","CF24 5GT",""
"IPNL","P","01/08/2004","","Ocean Park House","East Tyndall Street","Cardiff","","","","","","","CF24 5GT",""
"IPNL","R","01/08/2004","","Independent Power Networks Ltd","Ocean Park House","East Tyndall Street","Cardiff","","","","","","CF24 5GT","24"
"IRON","Y","10/11/2000","09/03/2007","Wherstead Business Park","Wherstead","Ipswich","Suffolk","","","","","","IP9 2AQ",""
"LBSL","6","22/12/2006","","Lowri Beck Services Ltd","Westward House","King Street West","Wigan","","","","","","WN1 1LP",""
"LBSL","8","05/02/2008","","Lowri Beck Services Ltd","Westward House","King Street West","Wigan","","","","","","WN1 1LP",""
"LBSL","B","11/01/2008","","Lowri Beck Services Limited","Room 40","Haypark Business Centre","Marchmont Avenue","Polmont","Falkirk","","","","FK2 0NZ",""
"LBSL","D","05/02/2008","","Lowri Beck Services Ltd","Westward House","King Street West","Wigan","","","","","","WN1 1LP",""
"LBSL","M","11/01/2008","","Lowri Beck Services Limited","Westward House","King Street West","Wigan","","","","","","WN1 1LP",""
"LCMG","6","01/09/2006","","First Floor","Milton House","The Office Park","Springfield Drive","LEATHERHEAD","Surrey","","","","KT22 7LP",""
"LCMG","V","01/09/2006","","First Floor","Milton House","The Office Park","Springfield Drive","LEATHERHEAD","Surrey","","","","KT22 7LP",""
"LECL","X","21/01/2000","16/03/2001","The Communication Building","48 Leicester Square","London","","","","","","","WC2H 7LT",""
"LENC","X","03/05/2000","16/03/2001","Templar House","81/87 High Holborn","London","","","","","","","WC1V 6NU",""
"LENG","J","22/12/2006","","Barford Road","Little Barford","St Neots","Cambs","","","","","","PE19 6WB",""
"LENG","P","01/04/2005","","ESP Electricity Limited","Barford Road","Little Barford","St Neots","Cambridgeshire","","","","","PE19 6WB",""
"LENG","R","01/04/2005","","ESP Electricity Limited","Barford Road","Little Barford","St Neots","Cambridgeshire","","","","","PE19 6WB","25"
"LOND","3","29/01/1999","","EDF Energy Networks","Atlantic House","Henson Road","Three Bridges","Crawley","West Sussex","","","","RH10 1QQ",""
"LOND","8","17/04/2003","","EDF Energy Network (LPN) plc","Atlantic House","Henson Road","Three Bridges","Crawley","West Sussex","","","","RH10 1QQ",""
"LOND","A","01/04/1996","09/03/1999","Energy Services","The Communication Building","48 Leicester Square","London","","","","","","WC2H 7LT",""
"LOND","B","01/04/1996","","EDF Energy Customer Field Services","255 Broadway","Bexleyheath","Kent","","","","","","DA6 8ET",""
"LOND","C","01/04/1996","09/03/1999","Energy Services","The Communication Building","48 Leicester Square","London","","","","","","WC2H 7LT",""
"LOND","D","01/04/1996","","EDF Energy Customer Field Services","255 Broadway","Bexleyheath","Kent","","","","","","DA6 8ET",""
"LOND","J","01/04/1996","","EDF Energy Network (LPN) plc","Atlantic House","Henson Road","Three Bridges","Crawley","West Sussex","","","","RH10 1QQ",""
"LOND","M","01/04/1996","","EDF Energy Customer Field Services","255 Broadway","Bexleyheath","Kent","","","","","","DA6 8ET",""
"LOND","P","01/04/1996","","EDF Energy Network (LPN) plc","Atlantic House","Henson Road","Three Bridges","Crawley","West Sussex","","","","RH10 1QQ",""
"LOND","R","01/04/1996","","EDF Energy Network (LPN) plc","Atlantic House","Henson Road","Three Bridges","Crawley","West Sussex","","","","RH10 1QQ","12"
"LOND","V","01/04/1996","","Gadeon House","Grenadier Road","Exeter Business Park","Exeter","Devon","","","","","EX1 3UT",""
"LOND","W","01/04/1996","","EDF Energy Customer Field Services","255 Broadway","Bexleyheath","Kent","","","","","","DA6 8ET",""
"LOND","X","01/04/1996","","EDF Energy","40 Grosvenor Place","Victoria","London","","","","","","SW1X 7EN",""
"MAGX","Y","22/02/2002","07/12/2007","Berkeley Centre","Berkeley","Gloucestershire","","","","","","","GL13 9PL",""
"MANP","X","11/08/2000","16/03/2001","P O Box 177","Douglas","Isle of Man","","","","","","","IM99 1PS",""
"MANP","Y","11/08/2000","","P O Box 177","Douglas","Isle of Man","","","","","","","IM99 1PS",""                ;  	                                     R o o t   E n t r y                                                                                                                                                                                                                                                                                                                                                                                                                                           
#
# Parties for embedded generation
#
"CUST","R","01/04/1996","","Dummy DSO 99","New Alderston House","Strathclyde Business Park","Bellshill","Lanarkshire","","","","","ML4 3AL","99"